id,nameFirst,nameLast,origin,likert.valuesFriendship,likert.valuesFamily,likert.valuesCommunity,likert.valuesSelf,likert.valuesFaith,likert.valuesEducation,likert.valuesHealth,likert.valuesStrength,semDiff.dogCat,semDiff.donutMunchkins,semDiff.cakePie,semDiff.steelersPirates
kgriffins587,Kermit,Griffins,MA,5,4,1,4,3,1,5,2,4,2,4,1
jbluel499,Jesse,Bluel,NV,5,5,2,2,5,1,2,4,4,5,4,4
hbeser183,Hal,Beser,IL,4,1,4,3,4,3,1,4,5,2,1,4
zlauniere486,Zane,Launiere,SD,1,3,1,5,3,2,5,5,2,2,1,1
evonbargen380,Earlean,Vonbargen,HI,4,3,5,2,2,1,2,5,1,3,1,4
sharriger599,Samuel,Harriger,IL,3,3,2,1,1,5,4,1,3,1,1,4
bmanor365,Brinda,Manor,GA,5,2,3,5,1,5,5,2,5,3,2,3
gnorthover677,Gregory,Northover,KY,3,1,3,2,5,4,2,1,1,5,3,4
dglazier458,Drema,Glazier,AZ,4,2,4,3,5,3,4,4,3,3,5,2
tlettman655,Toi,Lettman,NM,4,5,4,3,4,5,4,4,1,2,3,2
wlumantas501,Williams,Lumantas,SC,5,3,5,3,2,2,3,5,2,1,1,2
pbadon245,Pat,Badon,NV,1,3,5,3,1,2,3,2,1,3,4,3
vdecourt983,Valerie,Decourt,VT,5,2,5,4,1,4,5,5,4,3,3,2
aveitz163,Ahmed,Veitz,MT,4,4,2,3,3,1,1,2,2,4,5,2
dmagnano85,Darrick,Magnano,CA,5,1,2,3,2,4,1,1,5,3,5,5
ddellavall118,Deandre,Dellavalle,SD,3,5,4,5,2,1,3,3,1,1,2,2
amccallie778,Arleen,Mccallie,DE,5,3,2,3,4,5,4,1,5,1,4,2
hlevitsky362,Hisako,Levitsky,AZ,1,3,5,4,1,5,2,3,1,2,4,1
wodonnell363,Weldon,Odonnell,TX,3,4,3,3,4,1,1,3,5,1,2,1
lrudasill451,Latarsha,Rudasill,NV,2,1,4,4,4,1,4,3,3,5,5,2
mdicorcia777,Melodi,Dicorcia,SD,5,2,5,5,3,2,1,1,4,5,5,3
tpounds380,Timmy,Pounds,NM,5,5,4,3,1,1,2,4,5,3,3,1
amuffolett338,Alicia,Muffoletto,NJ,2,3,2,3,5,3,3,1,4,1,5,4
dheilbrun349,Delmar,Heilbrun,IN,3,2,3,1,4,3,2,4,4,2,2,3
jmessana305,James,Messana,MA,3,5,2,3,2,2,1,1,3,3,1,4
cmendesa863,Charles,Mendesa,VA,3,2,5,2,3,5,1,2,3,1,1,4
ltempelton232,Lawanna,Tempelton,WI,1,5,4,5,1,5,1,2,4,4,1,4
cletterlou513,Cathrine,Letterlough,NH,3,1,4,1,4,2,4,4,5,1,3,3
jdejoseph806,Jannet,Dejoseph,SC,5,2,1,1,4,1,2,2,1,1,4,3
lscher544,Loma,Scher,UT,3,5,2,2,2,3,2,3,3,4,2,1
wboomer337,Winfred,Boomer,HI,1,4,4,5,3,3,5,3,4,3,5,5
jstrider897,Jerrie,Strider,NY,1,5,5,4,4,2,5,2,1,4,3,2
sternasky518,Sherise,Ternasky,NY,1,5,5,5,4,2,3,4,5,3,4,2
shaferkamp379,Sandy,Haferkamp,CA,2,1,1,5,4,4,4,3,4,4,3,2
dricciarde515,Deon,Ricciardelli,OR,4,2,2,5,4,4,1,2,4,3,5,5
mmcgarr209,Muoi,Mcgarr,OH,4,1,4,4,2,5,1,5,2,3,3,5
syerke719,Salvador,Yerke,NM,4,5,4,4,2,3,5,1,5,3,2,3
mreazer987,Maricruz,Reazer,LA,5,1,3,3,4,1,1,1,4,3,4,4
slaclair870,Sunni,Laclair,AZ,5,2,4,5,5,2,3,5,2,1,5,2
seckles96,See,Eckles,OK,3,2,5,3,5,2,4,4,2,2,2,2
ahind29,Alda,Hind,MT,3,5,4,3,2,4,3,4,2,3,4,2
ebhatnagar385,Ebonie,Bhatnagar,WI,3,3,1,2,5,5,1,2,1,1,5,5
fbrak723,Fausto,Brak,AR,4,4,5,5,1,1,4,1,1,4,2,1
wdiskind376,Willis,Diskind,MI,4,1,2,3,1,3,2,1,4,1,4,5
bshapin319,Billy,Shapin,ND,3,4,1,3,2,3,2,1,4,5,1,4
mangviano275,Mariela,Angviano,NV,1,2,1,3,5,5,4,5,2,2,1,4
glico160,Gerard,Lico,GA,1,1,5,1,1,2,1,2,1,2,4,5
maloan919,Maynard,Aloan,ME,5,1,2,1,4,1,1,3,5,3,3,1
lmcgartlan523,Linwood,Mcgartland,LA,3,1,4,5,3,3,3,4,2,1,5,3
nmihalios966,Nakesha,Mihalios,MI,4,3,2,1,5,4,1,2,2,5,4,4
rmorada17,Rupert,Morada,MN,1,4,3,1,2,4,2,2,1,3,2,3
acontes672,Albert,Contes,WA,4,2,2,5,1,2,4,5,1,2,2,2
cstepien917,Christine,Stepien,WI,4,4,4,3,1,2,1,2,3,5,5,2
eoehl374,Evangeline,Oehl,NE,2,4,4,4,2,2,5,5,4,5,1,5
mballin144,Moon,Ballin,WV,3,4,4,1,1,3,3,1,3,3,3,5
rburtner57,Rigoberto,Burtner,AR,1,1,5,3,1,2,4,3,1,2,1,5
cboyden4,Cayla,Boyden,NH,4,1,1,4,3,5,4,2,5,1,4,1
jheger527,Jeramy,Heger,MA,4,2,4,4,3,5,2,1,5,5,1,3
shinzman938,Stepanie,Hinzman,FL,3,2,2,3,4,1,1,5,4,5,5,1
lcova707,Logan,Cova,OK,4,1,1,5,3,1,4,5,3,1,2,2
ataverner849,Alycia,Taverner,IL,4,4,2,3,5,3,1,5,1,3,2,1
tdenick326,Travis,Denick,ME,2,1,1,4,3,5,3,3,4,1,4,2
apeckens117,Adrienne,Peckens,IL,2,4,1,2,3,1,3,5,3,4,2,3
jmazar284,Jamar,Mazar,SC,1,1,2,5,5,5,5,5,4,3,5,3
wburgher75,Wendell,Burgher,MN,4,4,1,1,4,4,3,2,3,4,1,2
gbrinkhaus376,Giovanni,Brinkhaus,MT,3,5,4,5,5,2,3,4,2,1,5,3
fscheule155,Flossie,Scheule,SC,1,2,4,2,5,3,4,2,1,4,5,3
smossor418,Solomon,Mossor,MT,2,3,4,4,1,2,5,5,4,3,5,1
pstapels545,Paris,Stapels,IN,2,1,1,2,4,5,1,1,1,4,4,5
rsenna64,Rafael,Senna,MI,3,2,5,5,3,2,4,3,1,3,5,1
gvilven854,Gabriele,Vilven,NH,4,3,5,2,2,2,4,4,4,4,1,2
rgrussing36,Rudy,Grussing,CA,1,5,4,4,1,2,2,3,3,3,3,5
dhussaini295,Delbert,Hussaini,OH,5,5,3,4,3,1,4,4,3,2,1,2
lverma966,Lance,Verma,NV,3,4,3,4,2,3,1,4,4,5,5,1
hproctor859,Harland,Proctor,OK,5,3,5,4,2,2,5,3,2,3,4,2
ndunlow960,Nicola,Dunlow,RI,2,1,2,1,4,3,2,4,3,1,1,1
bgershon569,Brain,Gershon,FL,5,4,2,3,3,2,4,5,4,3,1,2
bcooke457,Bobbie,Cooke,UT,5,5,1,3,2,1,4,2,3,1,2,2
sballa927,Sylvia,Balla,AZ,1,4,2,4,2,4,4,5,4,1,4,1
swhitbread326,Stephane,Whitbread,PA,5,3,5,1,5,2,4,1,2,2,3,4
gtyrus767,Guadalupe,Tyrus,AR,1,3,5,2,5,4,1,3,1,5,3,1
coatridge108,Calandra,Oatridge,ME,5,4,1,4,5,2,1,3,1,4,1,5
dbisonette171,Delana,Bisonette,ID,2,5,1,1,2,4,3,3,1,2,2,3
tmiesner49,Theresa,Miesner,CO,2,3,5,5,1,1,1,2,1,4,1,2
rpersonius968,Ron,Personius,IN,1,2,5,4,3,2,4,4,2,2,4,5
tkozlak422,Truman,Kozlak,SC,2,5,3,2,1,2,3,3,2,4,3,5
mvalderram444,Myles,Valderrama,ND,5,1,2,2,5,4,2,2,1,1,3,4
rhanrahan405,Randee,Hanrahan,LA,5,1,1,3,3,1,5,2,3,2,1,5
wscovell913,Winford,Scovell,TX,3,5,1,1,1,1,1,5,4,2,5,4
abindas365,Alfred,Bindas,MT,4,2,4,2,5,5,5,3,5,2,4,4
bsluka77,Bettye,Sluka,PA,4,4,1,5,3,1,4,3,4,3,4,3
aalsina236,Ardith,Alsina,OR,4,3,3,3,4,3,2,1,4,1,1,3
gsherril200,Gwyn,Sherril,KY,3,5,2,2,1,3,4,2,5,2,2,4
csuitor7,Caroll,Suitor,MN,1,4,1,2,2,5,1,4,3,4,1,5
vwinders990,Vergie,Winders,KS,5,1,2,2,4,2,2,5,3,3,5,3
tstayner951,Tracy,Stayner,MA,3,3,4,4,5,1,4,3,4,3,4,5
jburtt226,Jeffrey,Burtt,AZ,5,4,5,1,2,5,5,4,1,2,4,1
smallett379,Salvatore,Mallett,PA,3,1,3,5,4,3,2,4,3,1,2,3
rstempert124,Rashida,Stempert,CO,5,1,4,3,1,5,2,4,3,1,2,2
kglogowski6,Karren,Glogowski,AL,4,3,4,3,3,2,4,4,3,2,1,5
rlansberry628,Richard,Lansberry,OK,4,2,4,3,1,4,4,2,4,4,2,4
vhynd605,Vickey,Hynd,NY,4,1,5,2,2,5,2,5,2,1,4,3
emago812,Elijah,Mago,WV,1,5,4,5,1,1,1,5,1,4,1,3
hviviano556,Harry,Viviano,PA,2,3,3,4,5,3,3,2,5,2,3,3
mhaggin831,Moses,Haggin,AR,1,3,3,1,4,1,2,5,1,3,5,1
hmaguire43,Hyo,Maguire,WA,4,4,3,4,2,3,3,3,5,3,5,1
asequeira199,Audra,Sequeira,AZ,5,5,4,1,4,1,4,2,2,4,4,1
jraheem789,Jewel,Raheem,MN,2,1,5,3,1,4,2,4,1,3,4,3
fkalina902,Francis,Kalina,WA,2,5,4,3,4,1,1,4,1,3,4,2
ainglese998,Anton,Inglese,CT,1,2,3,2,5,4,2,4,4,3,2,4
gciotti202,Gale,Ciotti,OK,5,3,3,2,1,4,5,1,3,1,1,5
ojave765,Oneida,Jave,WI,1,2,4,2,5,4,5,4,5,2,2,4
ekiecker223,Elvin,Kiecker,NE,3,5,4,2,3,1,2,1,3,5,5,4
rmarcos534,Randell,Marcos,CO,2,2,3,4,2,1,2,1,5,1,2,4
wgallagher145,Walter,Gallagher,MD,2,2,4,4,4,4,2,5,1,1,3,2
lsiverling958,Lakeshia,Siverling,VA,4,1,5,5,1,1,4,1,4,3,4,3
tguerrini612,Tatiana,Guerrini,CA,2,1,5,1,4,1,2,2,5,2,3,4
nveerkamp942,Nella,Veerkamp,NY,5,4,2,2,1,1,4,5,1,4,2,1
ddiec977,Dorla,Diec,NY,2,5,5,3,4,4,5,3,1,1,3,5
khelmes926,Kimberlie,Helmes,NY,2,5,1,4,5,3,4,4,2,5,3,1
olortie431,Ozell,Lortie,HI,4,3,4,5,3,1,1,3,1,2,3,5
mbechtol2,Mozella,Bechtol,WY,5,1,4,1,1,3,3,1,4,2,4,5
moffermann554,Morgan,Offermann,NE,4,5,2,5,4,2,2,2,4,4,1,4
rkanoff638,Roxanne,Kanoff,NY,4,4,5,5,1,5,1,2,5,5,4,5
okemery874,Olen,Kemery,AK,4,1,5,5,2,4,2,1,5,3,2,5
sbednarowi375,Sonny,Bednarowicz,NJ,3,2,4,4,4,2,3,3,4,3,2,4
nblouir59,Nadine,Blouir,CT,4,1,2,5,2,2,4,2,2,3,1,2
mtrimnal923,Mohamed,Trimnal,KS,4,1,2,2,3,4,5,1,3,3,4,1
mdekorne111,Myrna,Dekorne,TN,2,4,3,5,4,2,5,3,4,3,5,3
dgalven442,Daina,Galven,WA,4,2,3,5,3,3,2,2,5,4,2,2
gbellard332,Gregorio,Bellard,MS,2,5,4,3,1,4,5,2,5,4,5,5
raw941,Racquel,Aw,KS,1,5,5,1,3,3,5,5,3,3,4,4
nmesi906,Noah,Mesi,NH,5,3,4,3,3,3,1,2,3,3,1,5
korlikowsk989,Katina,Orlikowski,NM,4,4,3,2,1,1,3,5,1,5,3,5
rbaig778,Richelle,Baig,NJ,2,1,4,1,1,5,2,3,3,3,4,5
mnasser71,Monnie,Nasser,SC,2,5,2,2,1,3,3,2,5,4,3,2
eblaha580,Ela,Blaha,LA,1,1,4,2,1,4,5,4,2,5,4,1
amccaffery408,Antoinette,Mccaffery,TX,5,3,2,2,2,3,3,4,5,5,1,4
joberle575,Julieta,Oberle,CA,5,1,5,5,3,2,2,5,5,5,4,5
shaumesser122,Santana,Haumesser,PA,1,1,4,4,1,5,5,1,5,4,5,4
othate909,Oralia,Thate,GA,4,4,2,3,4,2,2,5,5,4,3,2
krasband721,Kirk,Rasband,OH,4,5,1,3,3,3,3,4,2,4,2,3
lvilt987,Lenita,Vilt,KY,4,1,4,3,2,4,5,1,2,3,3,1
asuren970,Angel,Suren,FL,1,5,4,1,1,4,2,5,2,5,2,3
bpedraja953,Bettie,Pedraja,LA,1,5,5,1,2,1,2,3,3,3,1,5
dlinder666,Darnell,Linder,TX,1,5,4,2,2,1,3,3,4,5,2,5
shaverland58,Shemeka,Haverland,OH,5,1,2,4,2,1,3,1,1,4,4,1
lshreffler903,Lina,Shreffler,WA,2,5,2,1,2,1,3,4,5,1,2,2
sscigliano143,Sid,Scigliano,RI,3,2,1,1,4,1,4,5,3,3,1,3
vbermudez907,Voncile,Bermudez,ND,4,5,5,3,3,1,2,3,1,2,5,1
toeftger298,Tamie,Oeftger,WA,1,1,5,5,1,3,1,2,4,3,4,3
agralak980,Arden,Gralak,NE,1,3,1,1,2,1,5,1,1,1,3,3
lwolle840,Lashawna,Wolle,WI,2,2,5,4,3,5,1,1,3,4,3,2
joffill573,Jacquline,Offill,MN,2,2,1,4,2,3,5,4,3,4,3,3
rkanzler783,Roxana,Kanzler,CO,5,4,2,3,3,1,5,3,2,4,1,4
cbalkcom14,Carmine,Balkcom,NC,5,1,3,2,4,2,4,2,2,3,1,1
kdiflorio26,Kennith,Diflorio,AR,1,4,1,4,5,2,3,1,4,5,1,4
nsiders465,Niesha,Siders,CT,3,2,4,5,1,4,5,5,5,4,5,1
blorincz804,Brittani,Lorincz,WI,2,2,3,1,5,4,5,5,4,5,1,2
kmoad282,Kandis,Moad,MN,2,4,3,5,1,5,1,2,4,3,2,3
kmagginson736,Kirby,Magginson,OR,4,2,2,5,4,4,2,5,1,5,5,2
slavigna401,Shirl,Lavigna,AK,2,1,5,2,5,4,5,4,2,4,4,2
onate603,Odis,Nate,TN,4,1,3,3,2,5,5,1,1,2,3,2
ekrance6,Ema,Krance,AK,5,4,2,1,2,1,4,2,5,3,4,4
showe838,Samella,Howe,NE,5,5,2,2,3,3,5,3,1,3,2,4
lmarke218,Lizzie,Marke,GA,3,1,2,2,2,4,1,2,3,1,4,4
nviren352,Newton,Viren,MS,2,2,3,2,1,5,2,2,5,3,3,4
mwholey993,Mellisa,Wholey,FL,1,2,3,2,1,1,3,3,4,3,1,4
mkremmel885,Merilyn,Kremmel,MT,4,3,2,1,3,5,3,1,2,4,1,3
lpanelli906,Lamont,Panelli,HI,3,3,3,3,1,1,4,4,4,4,2,4
skaps179,Samual,Kaps,MD,4,4,3,2,4,1,4,2,4,5,4,4
lmcray630,Lyman,Mcray,WV,4,2,2,5,1,3,3,5,4,3,5,4
cschuff118,Chuck,Schuff,LA,5,1,1,4,1,3,1,2,3,2,4,4
gquerido448,Gregg,Querido,SD,4,2,1,4,1,2,3,3,1,5,3,3
mcassion370,Mia,Cassion,AK,3,4,1,4,3,5,4,2,1,1,1,1
jdecatur52,Jefferson,Decatur,IA,5,1,4,5,4,1,1,2,2,5,4,5
sbodziony13,Shayne,Bodziony,MS,4,1,4,3,4,2,2,4,2,2,4,2
adefouw698,Aleen,Defouw,RI,4,1,1,5,4,5,3,4,1,3,2,5
sfairman503,Stacey,Fairman,SD,2,5,5,2,2,1,2,1,3,1,1,5
seggleston826,Sudie,Eggleston,NM,4,3,3,1,3,1,5,1,5,5,5,2
vparron293,Val,Parron,TN,2,4,3,4,5,4,5,2,5,5,3,3
asessum678,Allison,Sessum,ME,2,1,3,2,2,5,3,5,5,4,3,5
sagramonte654,Sherril,Agramonte,ND,5,1,2,5,1,1,3,2,4,3,1,4
pmiyata474,Phillip,Miyata,ID,4,1,4,5,2,1,3,3,2,4,1,4
lanne162,Ludie,Anne,MO,3,3,2,4,1,1,3,4,4,4,2,4
jhermann877,Josue,Hermann,AL,5,3,2,5,1,4,2,4,4,5,2,5
jgunlock376,Jeneva,Gunlock,NM,5,5,5,5,4,2,1,1,4,3,1,4
ohysong138,Olen,Hysong,OK,2,4,1,3,3,4,3,2,2,1,1,5
rhelman683,Raylene,Helman,MO,5,1,1,5,4,2,2,4,1,5,4,4
abayers631,Adolfo,Bayers,ME,4,5,2,3,1,1,1,2,4,4,3,2
awalen762,Adam,Walen,OR,3,5,2,1,5,1,3,2,3,4,5,5
dwallett79,Dennis,Wallett,VA,3,2,3,2,3,5,4,3,4,2,4,5
chaneline91,Cleo,Haneline,CO,5,2,5,1,3,5,5,5,4,3,1,2
lebenstein929,Lesa,Ebenstein,MT,3,4,4,3,1,5,2,4,2,4,5,2
rreyner874,Ross,Reyner,NE,5,4,3,2,3,4,4,3,4,3,4,3
chrapski154,Christoper,Hrapski,OH,1,2,4,2,3,2,3,2,4,3,3,1
abeylotte98,Artie,Beylotte,NY,1,5,3,5,4,2,1,4,1,1,3,3
esalvitti480,Erin,Salvitti,OR,5,5,5,4,4,4,1,1,4,5,5,5
msumter3,Mila,Sumter,IA,4,3,3,3,1,5,3,1,3,1,3,5
amaeno162,Anja,Maeno,OH,4,3,5,2,4,5,4,2,3,2,3,1
tlinsky123,Terrell,Linsky,WA,2,1,2,2,5,1,4,5,4,1,3,1
rjimbo941,Ron,Jimbo,SD,3,2,1,4,2,4,1,3,5,4,5,5
kstoneburn546,Kendrick,Stoneburner,OH,3,1,2,5,1,3,2,1,5,4,1,2
shusband691,Santina,Husband,UT,1,1,4,3,3,3,3,4,2,3,1,2
isavoca979,Ivory,Savoca,OK,2,1,4,1,4,5,4,3,5,1,3,5
erobidoux813,Eddy,Robidoux,MO,1,5,1,5,2,5,4,4,1,3,2,3
kroznowski40,Katherin,Roznowski,FL,3,1,4,3,4,3,3,1,3,5,5,3
mbucks726,Manuel,Bucks,OH,3,2,1,3,2,5,4,3,3,2,3,2
ewanders860,Erich,Wanders,NC,1,3,3,2,2,3,1,3,4,4,5,1
mstolinski581,Marquetta,Stolinski,KY,1,2,3,4,3,1,3,4,2,4,5,2
bcisnero227,Barton,Cisnero,SC,3,3,1,5,2,5,3,3,4,1,4,1
rnotowitz229,Rita,Notowitz,KS,3,2,1,5,3,5,3,1,1,2,5,3
npaysour303,Noemi,Paysour,AR,2,2,4,3,1,1,5,1,3,1,1,1
koehrle935,Krystina,Oehrle,OH,3,5,4,4,4,1,2,2,1,4,1,2
abulland240,Aida,Bulland,NY,4,4,5,4,1,2,4,1,3,5,4,3
gpatete187,Galen,Patete,RI,2,5,5,3,2,2,5,5,1,1,1,5
sxia150,Stanford,Xia,SD,5,4,4,3,2,4,3,4,5,3,5,1
rcarsen856,Roland,Carsen,HI,5,5,3,3,3,5,3,1,3,5,5,5
smarcinkie730,Shea,Marcinkiewicz,AK,4,5,2,2,1,2,1,5,4,4,1,4
kschwieter156,Kirk,Schwieterman,ID,3,1,4,3,1,4,3,4,4,2,1,5
rmaudlin457,Regan,Maudlin,NY,2,3,5,5,2,4,3,3,5,2,1,2
fvillane745,Frieda,Villane,ME,2,3,5,1,3,3,5,4,1,3,2,4
pwechter160,Patricia,Wechter,FL,2,5,3,2,4,3,2,4,4,2,2,4
betters710,Booker,Etters,VT,1,3,2,5,4,3,1,5,3,3,5,1
rspiliakos758,Randy,Spiliakos,NH,2,4,1,1,2,2,1,2,2,4,1,4
dheidt898,Dorothea,Heidt,MO,2,4,1,3,4,5,3,2,5,2,1,4
caiuto626,Cherri,Aiuto,VT,4,3,5,2,1,4,5,5,3,2,5,2
ckunkle640,Cathern,Kunkle,SC,1,2,4,2,2,2,3,2,2,4,1,3
tcollins463,Teodora,Collins,WA,4,1,4,5,2,1,5,5,2,2,4,3
fbranstrom593,Felisha,Branstrom,KS,3,3,5,2,3,5,4,1,4,5,4,5
kludkowski841,Kizzie,Ludkowski,ME,4,2,3,4,4,2,3,1,3,5,4,4
aweiler619,Angel,Weiler,NY,1,4,3,5,1,2,5,2,2,1,1,2
swoodert745,Sommer,Woodert,KY,4,5,3,1,5,4,3,1,2,4,3,5
bkiffer192,Belva,Kiffer,AL,5,2,5,4,5,2,5,1,3,1,1,4
cmendillo558,Chelsey,Mendillo,WY,4,2,5,5,3,2,4,3,4,3,4,5
acourteman538,Allen,Courtemanche,OK,4,1,5,2,5,5,4,5,1,4,5,2
sspadafino609,Stefan,Spadafino,AL,5,4,4,5,5,4,1,3,2,2,2,1
lrueda576,Latashia,Rueda,SD,2,1,4,5,3,1,4,3,2,3,2,1
jdzurnak844,Jay,Dzurnak,AR,2,2,5,1,4,2,3,5,3,4,1,1
dmouzas794,Deangelo,Mouzas,SC,1,4,1,5,2,3,4,3,2,5,1,5
dmuck174,Delmar,Muck,RI,3,4,4,2,2,5,4,4,4,4,2,2
hhenton472,Hipolito,Henton,AZ,4,3,5,2,5,1,4,3,5,1,2,3
mgones21,Mitzi,Gones,NJ,3,3,2,4,5,3,4,2,5,1,1,4
vkuc330,Vincenzo,Kuc,OK,3,2,2,1,1,2,2,4,5,3,4,1
pdietzler118,Phillip,Dietzler,MD,3,3,5,2,4,4,3,3,3,2,1,3
jfrezzo548,Jamison,Frezzo,OK,4,1,1,5,3,4,2,1,5,5,2,5
apfrogner550,Ashlyn,Pfrogner,NM,4,4,3,4,2,2,4,5,5,3,1,3
sboshnack241,Stanton,Boshnack,MI,2,1,4,3,2,5,3,3,2,1,3,4
frudnicki961,Fredric,Rudnicki,DE,5,5,1,4,5,5,3,2,5,4,2,5
bsnoozy178,Bruce,Snoozy,VT,5,2,3,3,4,5,4,5,5,2,4,4
lbluel900,Lauren,Bluel,KY,1,5,5,5,3,2,5,4,1,1,4,4
rreason900,Ranee,Reason,GA,1,5,2,5,5,2,3,3,2,1,3,5
lbroeker168,Liane,Broeker,ND,3,1,2,2,1,4,4,3,3,2,4,1
emoskos874,Elaine,Moskos,WV,3,4,5,4,5,3,4,4,4,5,1,3
lesche268,Louie,Esche,SD,5,2,1,4,2,3,1,5,1,2,3,1
lmckisson13,Lenard,Mckisson,OR,3,1,4,2,1,2,4,5,2,2,2,4
rcarnell614,Rosia,Carnell,TN,4,4,3,2,2,3,5,3,5,2,5,5
mschreur952,Melvin,Schreur,ND,4,4,2,4,1,5,2,3,5,1,3,5
carrigo675,Crystle,Arrigo,MS,2,3,4,3,2,1,5,4,4,1,1,1
mtheard719,Margarite,Theard,AZ,3,5,2,1,3,3,1,4,1,5,3,2
jfake641,Jewel,Fake,LA,5,4,3,4,4,1,4,5,4,2,5,2
kallwood385,Kary,Allwood,IA,2,2,2,1,3,3,4,4,4,3,2,2
emccorry645,Ellamae,Mccorry,FL,2,3,5,2,5,4,1,1,3,1,3,2
cshutte542,Chet,Shutte,VA,4,3,4,5,1,4,3,4,5,3,2,1
mcotreau495,Monet,Cotreau,NE,1,4,5,2,1,2,3,5,5,2,2,3
emaltais195,Edmundo,Maltais,PA,1,5,4,3,2,2,4,4,5,5,3,4
bbenintend460,Bruce,Benintendi,RI,2,4,5,2,5,5,1,4,1,5,3,5
jahlo561,Jeneva,Ahlo,NH,1,2,5,5,2,3,4,3,1,5,4,1
cgoulette657,Celine,Goulette,AK,1,1,3,3,1,3,4,4,2,2,1,5
vhouey741,Vida,Houey,TN,5,4,4,2,2,4,1,4,4,3,5,5
oruffalo951,Oscar,Ruffalo,MS,2,3,5,5,3,4,1,1,3,5,5,1
baulder806,Brandon,Aulder,WV,4,5,4,2,5,2,2,5,1,3,5,5
mhaulk929,Marlana,Haulk,NY,3,3,4,4,5,1,2,3,2,5,1,1
lcuen118,Librada,Cuen,CA,1,1,5,2,3,5,2,4,3,4,5,5
lnorred902,Lupe,Norred,OK,3,5,2,5,1,5,1,2,5,3,3,5
jcosby110,Jewel,Cosby,WA,5,5,3,5,4,5,4,4,5,2,5,2
abramall912,Arlie,Bramall,AL,2,3,5,1,5,2,4,3,2,4,3,4
hmclucas385,Hyacinth,Mclucas,MA,1,5,4,5,1,2,2,1,3,3,1,3
nshadler579,Nickolas,Shadler,OH,5,4,4,4,3,4,4,1,4,1,2,2
kzuniga831,Katharina,Zuniga,RI,3,5,1,1,4,2,4,5,1,1,2,5
sleal790,Shawnta,Leal,AL,4,4,4,2,1,5,4,1,2,4,2,5
mrussell472,Marcia,Russell,PA,4,3,3,5,1,1,5,1,1,3,1,3
shamway855,Sammy,Hamway,VT,3,1,5,4,2,5,1,2,3,3,3,2
mbrelje971,Marc,Brelje,UT,2,2,3,4,5,1,4,5,4,5,5,4
ccuva986,Catherin,Cuva,ME,5,1,1,3,5,3,5,4,1,5,5,5
arendler333,Alfonzo,Rendler,HI,5,3,2,5,1,4,5,1,5,1,3,1
vgulledge715,Vicenta,Gulledge,AK,5,2,2,4,4,5,3,2,4,2,5,2
fmarcet158,Franklin,Marcet,CA,2,3,4,4,4,1,2,2,5,5,3,4
lchain873,Leonardo,Chain,NV,1,5,1,3,1,5,5,5,3,1,5,4
dduropan524,Devorah,Duropan,OR,2,4,1,3,5,3,5,3,3,4,4,3
erysavy624,Elissa,Rysavy,KS,1,2,5,4,2,3,5,4,5,2,4,1
bmanteuffe129,Bridgett,Manteuffel,MS,5,5,5,3,2,3,4,1,4,5,2,2
bbrostrom222,Benny,Brostrom,AZ,4,5,1,3,5,4,1,4,1,5,1,1
tozaki582,Theressa,Ozaki,WA,2,1,4,5,1,1,2,3,4,2,1,3
llopes819,Lashaun,Lopes,MT,2,4,1,3,1,4,5,4,4,3,2,3
terker143,Terry,Erker,WY,1,1,3,4,5,3,2,5,2,1,1,5
mantill297,Mignon,Antill,NV,3,1,4,1,5,2,4,2,4,4,2,1
modil754,Mona,Odil,AZ,4,5,3,3,3,5,1,4,1,1,5,1
rjauhar514,Raymon,Jauhar,NM,2,5,4,5,3,5,4,1,3,1,5,5
bshanor922,Brady,Shanor,MT,3,4,5,4,3,5,5,3,1,4,4,1
tmuncrief178,Theda,Muncrief,VT,5,5,3,2,5,2,2,3,2,2,5,5
hgubala288,Han,Gubala,SC,2,5,5,3,3,4,3,2,5,1,1,2
rpecoraro33,Rosie,Pecoraro,IA,5,2,1,1,2,3,5,3,4,1,4,1
apilato400,Angila,Pilato,PA,4,1,3,5,1,2,1,1,4,5,1,2
jarkin216,Jasper,Arkin,SC,3,2,5,4,5,4,3,4,5,5,4,3
dvactor936,Dreama,Vactor,TX,3,1,3,4,1,1,3,3,5,2,1,5
efreitag83,Elmo,Freitag,ND,2,4,5,3,2,1,4,4,5,2,1,4
skillibrew842,Sherwood,Killibrew,LA,2,4,3,5,4,4,3,5,2,3,1,2
mfullford199,Meda,Fullford,OR,4,4,3,4,2,4,4,3,5,3,5,3
bsherrard650,Bridget,Sherrard,NH,3,1,5,2,5,2,4,1,4,5,3,1
lwasden87,Latoyia,Wasden,SC,3,5,3,2,4,3,2,5,1,2,2,4
acheng557,Andera,Cheng,HI,1,4,4,4,1,5,1,1,2,2,2,3
whurns33,Waldo,Hurns,FL,2,2,1,4,5,1,5,1,5,2,5,3
rdenery33,Rocky,Denery,AZ,5,5,2,3,4,5,1,1,2,3,2,4
mmoody160,Mozelle,Moody,UT,2,3,1,5,3,2,4,5,2,3,3,5
smoreno791,Sybil,Moreno,MO,2,3,4,1,2,1,5,3,2,2,3,2
hcuascut200,Hilaria,Cuascut,HI,1,3,2,1,5,5,3,1,2,4,1,4
emenon940,Emery,Menon,AZ,1,2,4,4,4,4,4,4,3,1,3,2
lschau672,Laurene,Schau,WV,2,2,1,2,3,3,1,2,3,3,4,2
aartibee870,Alethea,Artibee,WV,2,5,1,4,3,5,3,5,2,4,1,5
blyerla636,Blanch,Lyerla,GA,1,4,5,5,5,2,1,4,2,1,3,4
gmeitner6,George,Meitner,CA,4,2,5,4,4,4,2,3,4,1,1,2
tfriedmann956,Trang,Friedmann,MA,5,5,1,1,2,1,3,3,4,1,3,1
bdolder155,Ben,Dolder,VA,5,2,5,2,4,3,2,1,2,5,5,3
emannschre557,Elodia,Mannschreck,VT,2,1,2,5,5,2,3,2,3,1,1,4
hwallravin225,Herman,Wallravin,VA,2,2,4,4,5,4,2,5,1,2,1,1
dlevario947,Danial,Levario,WV,2,1,3,2,1,3,5,2,1,5,3,4
fyazdani841,Filiberto,Yazdani,AK,4,3,1,5,5,3,1,2,3,1,5,1
ascanio625,Adalberto,Scanio,ME,4,1,4,3,1,1,5,2,1,5,1,2
vswecker470,Velva,Swecker,CT,1,1,5,5,4,3,4,2,5,2,1,3
mlinman644,Maybelle,Linman,MN,2,1,4,5,1,4,1,3,1,1,3,5
lwittenbor265,Lesley,Wittenborn,MO,1,2,3,2,5,2,5,4,5,5,5,5
scabatu974,Seth,Cabatu,OR,5,5,5,1,4,3,1,4,2,4,1,4
jpawlusiak212,Janice,Pawlusiak,NM,4,2,4,2,3,1,3,3,5,1,3,3
cpeiffer684,Candace,Peiffer,ME,4,1,1,2,1,2,3,5,5,3,2,4
gbehner881,Garret,Behner,AK,1,3,5,3,4,5,3,5,3,5,5,2
amusson87,Adelaida,Musson,NV,2,5,1,2,1,2,3,4,5,3,3,2
wgorman577,Wilford,Gorman,WV,3,2,2,2,3,3,5,2,2,1,5,3
skahill271,Stuart,Kahill,UT,2,4,2,1,5,3,1,2,4,4,4,4
rmyrie881,Rhett,Myrie,AL,5,3,1,5,3,1,3,5,3,1,4,1
kshakir821,Kisha,Shakir,KS,1,1,2,2,4,2,4,5,2,2,1,1
adykhouse554,Ariel,Dykhouse,VT,2,3,5,3,3,2,1,1,1,4,2,3
mszopinski78,Marth,Szopinski,WY,4,3,5,2,3,3,4,1,2,2,1,3
bhalfmann825,Berenice,Halfmann,WY,1,3,3,1,1,1,1,1,1,1,3,3
rgiacolett217,Remedios,Giacoletti,CA,1,4,3,3,1,4,4,2,1,1,4,4
nbinns961,Norbert,Binns,OH,2,3,5,5,5,5,1,5,2,2,1,2
bkounthong825,Bertram,Kounthong,SD,1,5,2,1,2,2,3,3,3,3,5,2
bzolnoske44,Blanche,Zolnoske,OR,2,1,1,2,5,4,3,4,1,1,3,3
sbame902,Sidney,Bame,ND,5,2,5,5,4,3,5,2,3,3,5,4
aoler868,Anissa,Oler,OR,5,3,5,3,4,2,3,1,5,1,4,2
cmagelssen61,Christian,Magelssen,WY,3,5,4,3,5,3,2,4,5,3,2,2
cbokor403,Cedrick,Bokor,TX,4,5,4,2,5,2,1,4,3,3,1,4
cmuckey92,Cammie,Muckey,NC,5,3,1,3,1,1,2,5,3,1,5,4
mcrytzer627,Mable,Crytzer,CT,1,3,2,3,4,5,4,1,2,5,1,1
akeilen419,Antione,Keilen,LA,4,5,5,1,3,1,3,3,2,1,1,4
dmagaddino732,Diedra,Magaddino,WA,3,2,5,4,5,3,4,5,2,2,4,2
dbuttimer46,Divina,Buttimer,TN,5,1,1,2,1,4,3,1,2,4,4,2
lnitzsche361,Linh,Nitzsche,MI,3,4,2,4,1,3,1,2,5,5,1,4
epicketts950,Eileen,Picketts,WI,2,1,1,2,4,4,2,5,4,1,5,5
cstanick9,Cathrine,Stanick,WY,4,1,2,3,2,2,5,4,5,4,4,1
pdafonseca403,Pricilla,Dafonseca,LA,2,3,3,3,5,3,2,5,2,5,5,5
jbelvin941,Jefferey,Belvin,IA,4,2,2,5,2,5,1,2,4,3,5,4
mspellman364,Madelyn,Spellman,NV,1,2,3,4,4,4,2,3,1,1,5,3
syahl38,Sergio,Yahl,MI,3,1,4,4,2,2,5,2,1,5,4,1
jbranner989,Johanna,Branner,OH,5,2,5,3,5,2,1,4,3,3,5,5
tegvirre730,Twyla,Egvirre,OK,2,3,5,3,3,2,3,5,2,3,4,1
mtewes900,Miss,Tewes,GA,5,4,4,5,1,3,2,3,2,3,5,5
bretterath242,Barry,Retterath,NC,2,1,2,2,5,3,5,4,2,4,1,2
mlewandosk529,Marshall,Lewandoski,MS,1,2,1,3,3,5,5,5,4,5,1,5
cbustos920,Christian,Bustos,VT,1,1,1,3,3,3,4,2,3,1,5,2
kpekala319,Kylee,Pekala,RI,1,3,5,2,1,1,2,3,3,3,4,2
lpinsky153,Liliana,Pinsky,NH,4,3,3,1,1,1,1,5,1,2,3,4
clienemann954,Chante,Lienemann,WV,2,2,5,5,2,4,3,4,3,5,5,1
rlocorrier470,Rosalia,Locorriere,GA,4,3,5,5,5,5,1,1,4,3,2,5
mpetrich479,Minh,Petrich,NV,2,1,4,4,3,4,1,1,2,3,4,1
cyeats462,Cassey,Yeats,NY,5,3,4,4,1,2,3,5,2,1,1,1
nhilkert778,Neal,Hilkert,DE,3,1,5,4,1,5,2,5,4,5,2,5
evarron884,Eboni,Varron,VT,5,5,4,2,3,5,2,4,4,5,5,1
fmorinvill57,Florine,Morinville,TX,1,5,5,3,5,4,4,1,5,3,4,4
jdirth907,Jared,Dirth,OK,4,2,4,2,1,5,1,4,2,5,2,1
hka193,Hannelore,Ka,CO,2,1,2,2,1,3,5,4,2,3,3,5
rsorrel984,Rosina,Sorrel,NY,2,1,3,4,2,5,3,5,4,4,1,5
rbernes695,Robin,Bernes,IL,2,2,3,5,3,4,5,5,4,2,3,3
sgouldman379,Sage,Gouldman,NJ,1,2,1,1,3,2,3,4,5,1,3,4
wmeservey952,Wendell,Meservey,IL,3,1,3,3,3,3,2,3,1,3,3,5
jsolimini53,Jules,Solimini,TX,5,1,4,4,4,2,1,1,2,3,2,5
hsusla536,Horacio,Susla,NC,4,3,1,4,5,3,2,1,2,1,5,5
rmacareno218,Reuben,Macareno,WA,3,2,3,5,1,3,2,3,5,4,5,3
rbarkan489,Ross,Barkan,OR,1,3,5,4,5,5,3,4,4,5,3,2
bgutherie714,Buck,Gutherie,KY,1,2,3,1,5,5,2,1,1,2,3,2
tsteckley934,Theron,Steckley,VA,3,1,5,4,5,2,4,3,1,3,1,1
bcua709,Booker,Cua,TN,5,2,3,4,5,3,1,2,5,4,1,5
maltenbach714,Max,Altenbach,FL,4,4,1,5,1,4,3,4,3,5,3,3
dkraetsch880,Deangelo,Kraetsch,OR,5,4,1,3,3,2,2,2,5,1,3,2
hroubekas252,Helen,Roubekas,MI,1,3,2,1,4,2,2,2,2,1,2,1
cpizzolato619,Cara,Pizzolato,NC,1,2,4,5,5,3,1,3,5,4,4,5
jrosich834,Jeffrey,Rosich,NC,5,1,1,3,3,2,4,3,2,4,1,2
cpiper240,Chae,Piper,WV,4,1,1,1,4,1,1,3,2,3,3,1
mbutterwor464,Mario,Butterworth,LA,2,1,2,2,1,1,3,4,1,3,5,4
vparrish433,Vernon,Parrish,ND,4,2,2,5,4,1,1,4,1,5,3,4
jkager281,Jimmy,Kager,ND,4,1,3,1,5,3,3,2,3,1,3,1
evandersch434,Eboni,Vanderschoot,UT,5,3,4,5,3,3,4,2,3,3,2,2
lrary829,Lavonne,Rary,AZ,2,4,5,2,4,1,2,4,5,4,1,2
dstehle70,Don,Stehle,WI,4,2,5,5,4,3,2,2,1,1,2,1
prasor141,Phil,Rasor,MT,3,3,5,1,2,3,5,5,2,5,1,3
ymickell486,Yolanda,Mickell,MI,1,2,1,3,5,3,2,3,4,3,5,4
mgolec330,Mabel,Golec,IL,5,2,1,3,1,1,4,1,4,5,2,4
dmobbs508,Danilo,Mobbs,RI,1,1,2,3,1,3,4,5,5,2,4,2
jheavin523,Jenice,Heavin,NM,3,5,3,3,3,2,3,3,1,1,3,1
asallings296,Abraham,Sallings,GA,2,4,5,5,1,3,2,4,2,1,3,1
ccrawshaw272,Cristopher,Crawshaw,CT,4,2,4,5,4,3,4,5,1,4,2,5
lkent989,Leonida,Kent,ME,1,2,2,2,2,3,2,3,4,4,2,4
rwillette585,Ronny,Willette,VA,5,2,3,5,1,3,5,4,2,1,2,3
wkohatsu234,Wilhelmina,Kohatsu,OK,3,4,3,1,4,5,1,4,2,1,2,2
labernethy757,Lanora,Abernethy,NM,2,1,3,1,2,3,4,4,2,3,4,5
mrhinebolt285,Marleen,Rhinebolt,IA,1,5,3,5,5,2,3,5,2,5,2,2
gkirkland940,Gavin,Kirkland,NJ,4,1,1,3,1,2,5,4,5,5,3,1
sbroadstre308,Stanford,Broadstreet,HI,3,2,3,2,1,5,3,2,1,4,3,4
iwillyard516,Irene,Willyard,NE,4,3,1,4,2,3,5,4,5,1,5,5
mjanda890,Margurite,Janda,KS,5,5,4,5,1,3,4,4,5,3,5,3
fsarni396,Freddy,Sarni,OK,2,1,1,5,1,3,2,4,4,2,3,2
tfahrendor50,Tracy,Fahrendorff,ME,5,3,3,2,1,1,3,4,4,3,2,5
zbristo882,Zola,Bristo,WY,4,1,1,5,3,4,1,2,1,2,1,2
abealle84,Aaron,Bealle,AL,3,3,1,5,3,4,2,2,1,5,1,1
tmcie623,Troy,Mcie,DE,5,5,1,3,5,4,2,2,1,4,4,2
mherdman133,Meg,Herdman,GA,1,5,2,5,2,3,3,4,1,2,1,3
azubrzycki224,Alphonso,Zubrzycki,NE,5,2,5,5,1,2,3,2,1,3,1,2
dbrais775,Dino,Brais,NM,1,2,1,3,5,5,5,5,5,4,3,4
jmilani735,Ji,Milani,AR,5,2,3,5,1,5,1,2,2,4,3,5
wpiacitell894,Wendie,Piacitelli,VT,5,4,5,3,3,5,3,2,1,1,4,2
aperlow574,Abbey,Perlow,NH,5,2,3,4,2,1,5,4,3,5,4,4
atakata597,Arturo,Takata,KY,4,1,5,3,3,3,4,4,4,2,3,1
gstrattman921,Garth,Strattman,AL,4,2,4,1,4,3,5,1,2,1,2,2
atortorell142,Aimee,Tortorelli,NV,5,3,1,2,3,5,1,5,4,5,1,5
ethibadeau415,Edda,Thibadeau,IA,4,2,5,4,4,5,4,5,5,5,4,2
ckhan79,Carie,Khan,SC,4,4,3,5,5,1,5,1,4,5,5,3
ebirdo9,Erasmo,Birdo,PA,3,1,3,1,1,2,3,1,5,3,4,5
jazzano157,Jona,Azzano,UT,3,3,3,5,5,1,3,3,3,2,5,5
wvanry991,Winston,Vanry,VT,2,2,2,2,4,4,1,4,4,1,5,5
prodriguel657,Petra,Rodriguel,AZ,5,1,2,4,3,4,5,1,5,3,5,2
jbonaccors417,Josiah,Bonaccorsi,WV,5,2,4,1,4,2,5,1,4,4,1,4
sbudesa145,Sharri,Budesa,MS,5,1,5,5,3,3,3,4,2,1,3,2
ceiselein188,Christel,Eiselein,MO,4,2,2,3,5,3,4,4,2,3,1,5
ljaynes902,Linwood,Jaynes,ND,4,4,4,4,1,4,2,3,4,3,4,5
oishak770,Olin,Ishak,AZ,2,5,1,1,5,1,1,1,4,4,2,2
snguyn769,Stacey,Nguyn,IA,5,2,3,2,5,1,3,1,5,5,3,1
arobilotto352,Angelina,Robilotto,OK,1,4,1,1,1,5,2,3,3,5,5,4
tlavertu802,Thomas,Lavertu,NY,4,5,3,4,5,2,2,5,1,2,5,4
gdenoble325,Gene,Denoble,WI,3,5,1,2,2,5,5,5,2,4,3,3
kdesamparo279,Kristeen,Desamparo,CT,4,4,2,2,5,4,4,5,5,2,4,1
kkerber259,Keven,Kerber,AR,1,3,5,2,4,3,4,4,2,2,1,3
amcqueeny623,Anita,Mcqueeny,VA,4,5,2,5,2,4,3,1,1,3,5,4
sarchbell963,Sena,Archbell,NM,1,2,2,1,1,3,2,3,1,4,1,5
hsahara11,Holley,Sahara,OR,5,4,2,5,1,1,4,4,1,5,1,4
tfazekas913,Tracey,Fazekas,NY,5,4,2,4,2,1,1,2,5,5,5,4
efalero137,Elliott,Falero,NV,2,2,3,2,4,3,1,2,2,5,5,3
onotah402,Olin,Notah,FL,4,2,4,4,3,2,4,1,3,2,1,2
kmccarrel657,Keneth,Mccarrel,OK,2,3,3,2,2,1,5,2,1,3,1,1
mhogle307,Myrl,Hogle,ID,4,4,2,4,4,5,3,3,5,5,3,4
scuffy897,Scott,Cuffy,ME,4,3,3,2,3,2,5,2,1,3,2,1
lwadley156,Lashaunda,Wadley,MA,1,5,5,5,4,5,1,2,5,1,5,3
jwactor156,Janessa,Wactor,TN,3,3,4,5,4,5,2,5,3,2,5,1
rburtchell67,Ruthanne,Burtchell,KY,3,2,5,2,5,1,5,3,3,1,2,1
egreising873,Emory,Greising,KY,5,2,5,5,2,1,1,3,4,3,1,5
ccalhaun739,Chris,Calhaun,NM,3,1,4,5,4,3,4,2,3,5,3,2
cpecht83,Clare,Pecht,NV,2,3,3,3,3,5,1,2,5,2,1,1
cmcclaskey929,Cecil,Mcclaskey,TX,5,4,4,2,1,1,3,5,2,1,1,3
ppinder674,Porfirio,Pinder,IA,1,4,2,2,2,5,5,2,3,2,2,1
tbergemann897,Tyson,Bergemann,WY,5,5,3,5,3,4,2,2,3,4,4,5
athrun247,Adam,Thrun,IN,1,1,3,5,1,3,5,2,2,4,4,3
darnone468,Dagmar,Arnone,HI,5,5,5,1,1,4,2,4,5,4,3,2
jswiderski499,Josphine,Swiderski,IA,2,4,3,4,1,3,4,1,1,5,1,1
dbriagas824,Darron,Briagas,FL,4,3,3,5,2,5,2,1,2,5,5,4
wdulaney953,Whitney,Dulaney,OR,3,5,2,1,3,1,3,5,1,1,3,5
rbreece958,Rosenda,Breece,WY,4,4,5,2,1,2,4,4,4,2,4,2
ibaldonado70,Isela,Baldonado,WY,4,2,5,5,5,4,4,1,5,3,2,4
hfunke119,Hugo,Funke,TX,2,5,1,1,2,2,5,3,3,5,1,3
gmcquillen286,Galen,Mcquillen,FL,1,1,4,3,4,4,4,4,5,2,3,3
jnakken990,Joetta,Nakken,ME,2,5,3,3,2,3,4,2,3,2,5,2
smak846,Sona,Mak,IL,4,2,4,3,3,4,1,5,2,5,2,1
emeshell925,Ellamae,Meshell,NM,3,3,4,3,1,1,5,5,2,2,4,3
derpelding274,Daniel,Erpelding,MS,5,5,2,3,2,5,1,4,1,2,2,3
lmcnelis618,Leon,Mcnelis,AR,3,4,1,2,1,2,2,2,3,1,3,1
jheidelber718,Johnathon,Heidelberg,SD,4,1,1,2,2,5,5,1,3,5,2,2
bsandvik430,Brunilda,Sandvik,MA,1,4,3,2,5,4,2,1,4,2,2,1
lmyslim291,Loris,Myslim,MN,5,2,5,5,4,1,2,4,5,5,2,2
labdallah976,Lucy,Abdallah,MD,2,1,2,5,4,5,4,1,3,2,5,3
hclemmon636,Hubert,Clemmon,IL,5,3,1,5,3,4,2,1,3,1,5,3
rpenning403,Randi,Penning,GA,4,3,1,3,2,1,5,3,3,4,3,5
ralcini610,Robert,Alcini,AK,3,5,5,5,1,4,4,1,4,2,2,3
eriskalla16,Ewa,Riskalla,MA,5,4,4,3,4,1,1,4,1,1,3,2
vrhoan484,Vina,Rhoan,CA,2,2,4,3,3,3,5,5,1,1,1,3
cnewquist274,Chas,Newquist,DE,1,4,2,4,2,1,5,5,5,2,4,1
knegrisor596,Kareem,Negrisor,CT,4,5,3,4,1,4,3,2,1,1,5,3
dellerby39,Diedra,Ellerby,IL,4,4,5,5,4,3,3,2,5,2,1,3
eeckstein56,Eliana,Eckstein,NM,3,2,3,2,5,5,3,2,4,2,3,3
lwayner920,Lindsay,Wayner,NH,4,4,1,5,1,2,2,5,5,4,2,1
fperrot178,Florentina,Perrot,MS,2,4,1,3,4,1,4,1,2,2,2,5
pdenetclaw945,Preston,Denetclaw,LA,5,2,1,1,2,5,2,4,2,4,3,1
ceckrote587,Carolyne,Eckrote,ND,5,2,1,5,3,5,4,1,1,2,4,2
bpyper156,Britt,Pyper,GA,5,2,4,3,3,1,5,2,5,3,2,5
gstarritt119,Gregory,Starritt,NH,3,1,4,5,5,2,3,1,2,4,2,4
delk52,Dann,Elk,AZ,1,5,2,1,5,4,4,1,5,5,1,4
bfedor23,Bonita,Fedor,TN,1,4,2,1,3,2,2,5,1,5,1,1
fbenskin916,Fay,Benskin,CO,1,4,5,5,3,1,2,3,5,5,5,2
tcutt824,Tobias,Cutt,MI,5,2,2,1,5,2,3,5,3,2,4,1
acasarz410,Agustin,Casarz,AR,1,3,5,1,1,2,3,4,5,3,5,2
hroseum881,Hilton,Roseum,OR,2,3,3,2,3,3,5,3,5,2,1,4
kledger162,Kaylee,Ledger,MI,5,5,5,3,2,4,3,5,4,5,2,3
cgammill251,Chi,Gammill,VA,4,5,5,2,3,1,4,1,4,4,5,2
mpollard207,Monte,Pollard,VT,4,3,2,5,4,1,1,2,3,5,5,2
jglazener422,Jamie,Glazener,WY,2,1,2,2,1,4,5,2,2,5,1,4
hortolf678,Harrison,Ortolf,KS,5,3,1,5,4,1,4,3,5,1,1,1
ttowe816,Tiffanie,Towe,LA,5,3,2,1,5,2,3,4,5,2,5,2
jkozyra573,Janette,Kozyra,NJ,5,1,5,5,4,2,2,1,1,2,4,3
geagen760,Gregg,Eagen,CO,5,4,1,4,4,2,1,1,1,2,5,2
qderossett549,Quintin,Derossett,TX,2,3,5,1,3,1,5,2,1,1,4,4
zstecklein772,Zane,Stecklein,NV,5,2,1,5,3,2,4,5,5,4,2,3
hsultaire306,Hermine,Sultaire,CA,1,1,3,5,3,1,3,4,2,4,1,4
ocancilla894,Ollie,Cancilla,WA,3,5,2,2,4,3,5,3,1,5,4,1
sschain716,Sonny,Schain,DE,1,4,1,2,2,3,3,3,3,5,2,2
gwharton793,Gonzalo,Wharton,AK,2,1,5,5,1,2,1,1,1,3,4,3
ayerbich267,Audrie,Yerbich,IN,1,1,2,3,3,1,1,2,3,1,2,3
jaaby522,Jacquelyn,Aaby,AK,5,3,5,5,1,4,4,4,3,3,3,1
ogerich92,Octavio,Gerich,MA,4,3,1,4,4,1,1,5,2,2,2,1
izeleny705,Ian,Zeleny,TN,3,5,1,1,2,4,3,2,5,2,4,1
juselton556,Jo,Uselton,MI,1,2,4,5,5,4,5,5,3,3,2,5
stemple307,Soraya,Temple,AL,3,2,2,4,5,1,3,1,5,5,5,5
cdrews271,Candida,Drews,UT,3,5,3,3,3,5,4,1,2,4,2,1
skosoff895,Stefan,Kosoff,FL,4,3,5,4,4,2,3,4,1,1,1,1
posenkowsk790,Paz,Osenkowski,NH,4,1,4,1,5,5,4,1,1,5,5,3
fchareunra292,Felton,Chareunrath,VA,5,1,1,5,1,3,5,4,5,5,3,4
afroid498,Annette,Froid,AZ,5,5,3,4,4,5,1,4,3,1,4,4
ccoulter493,Clement,Coulter,IA,1,3,4,4,3,2,3,4,5,4,1,2
sscioneaux982,Sarai,Scioneaux,AZ,4,4,2,3,2,2,2,4,5,5,2,1
tisherwood188,Titus,Isherwood,AK,5,3,5,3,1,3,4,1,1,5,1,4
otiburcio715,Omer,Tiburcio,NE,4,2,2,4,5,2,5,4,3,1,4,1
lhollyfiel539,Lacy,Hollyfield,MI,2,4,1,1,3,3,4,1,3,2,1,2
rkitelinge78,Russell,Kitelinger,NY,5,2,3,1,4,5,2,4,1,2,5,3
jnusom496,Jeniffer,Nusom,LA,1,1,1,5,4,3,5,3,4,1,3,3
misaksen13,Maren,Isaksen,NV,1,4,2,5,3,2,4,1,2,2,5,1
bdaniell426,Berneice,Daniell,MO,2,3,1,4,4,1,1,5,1,3,1,5
yroddey269,Young,Roddey,SC,3,4,5,4,3,2,1,2,2,2,3,3
rbanez432,Rupert,Banez,ND,3,1,5,1,1,4,4,1,1,4,5,3
eemdee495,Elliott,Emdee,OK,1,4,5,3,1,5,4,2,4,3,5,1
rjafari373,Reed,Jafari,RI,5,5,5,2,4,3,5,4,3,5,1,2
mmabel145,Maynard,Mabel,ME,1,4,4,1,4,3,3,1,5,4,4,2
amarcelle203,Antionette,Marcelle,MO,5,4,3,1,2,1,5,1,5,5,3,5
smeja736,Shane,Meja,DE,5,2,3,4,3,1,3,4,2,4,5,4
dschutzenh38,Donald,Schutzenhofer,OK,5,5,5,2,3,4,4,3,5,4,3,3
vstankiewi730,Veronica,Stankiewicz,CA,4,2,4,4,4,4,3,3,1,4,3,3
acelenza457,Aurora,Celenza,RI,3,1,1,5,3,1,3,2,4,3,2,5
rbernard632,Rolland,Bernard,NE,3,2,5,2,4,1,4,4,3,1,5,5
tmetzga249,Tory,Metzga,MN,1,4,3,3,3,5,4,3,2,4,1,5
mconnerton791,Meaghan,Connerton,VA,3,5,2,2,1,2,5,3,1,5,4,2
vfile939,Veronica,File,NC,5,3,4,1,2,1,3,1,3,5,5,4
rprottsman130,Randal,Prottsman,MO,5,3,2,1,2,4,2,3,1,3,5,4
msitsler124,Maximina,Sitsler,AR,3,5,5,4,2,2,5,2,2,4,4,3
wrambo730,Walker,Rambo,CO,2,2,2,3,3,1,1,3,2,3,3,3
hblaich556,Heidy,Blaich,LA,2,3,5,4,3,3,2,5,1,1,3,2
rwinkler289,Rodger,Winkler,NM,2,1,3,2,1,4,3,3,3,5,2,2
vbarnett281,Vena,Barnett,DE,5,4,4,3,5,3,2,3,3,1,4,3
jblassinga155,Jeanine,Blassingame,ID,4,2,5,3,3,4,5,5,3,3,5,5
ngabriel643,Nelia,Gabriel,NY,2,5,3,2,2,3,2,3,1,5,2,5
mmarkarian424,Milton,Markarian,LA,4,1,1,1,3,1,4,2,5,4,5,3
fholtman176,Frances,Holtman,NY,2,1,4,5,4,5,5,2,1,4,1,4
gpembleton415,Giselle,Pembleton,MO,2,3,2,1,5,1,2,5,3,4,4,5
gdirose657,Gladis,Dirose,OK,3,4,4,3,3,1,4,3,3,1,5,4
lheberer228,Lilliana,Heberer,MI,2,5,4,3,5,2,3,2,4,2,3,3
lfioravant483,Lauren,Fioravanti,NY,1,4,5,5,4,4,1,4,5,1,3,3
msodek474,Margaretta,Sodek,NY,4,5,4,3,1,1,1,3,1,4,5,5
jbilotta488,Josefine,Bilotta,MI,4,5,2,4,5,3,2,1,4,3,4,3
sgrigsby940,Stacee,Grigsby,NH,3,5,3,2,4,1,2,5,5,3,1,4
rblackbird776,Raymundo,Blackbird,IL,1,3,4,2,4,2,1,1,4,2,1,1
dfletes884,Dorian,Fletes,MS,1,2,5,2,4,3,4,2,1,5,5,2
lhawthorne772,Lise,Hawthorne,CT,2,1,5,1,4,4,3,3,3,1,1,3
ddelano507,Daine,Delano,IN,4,1,5,4,3,5,4,3,3,4,5,3
fsylla326,Fernande,Sylla,UT,1,4,1,4,3,1,2,3,4,4,1,3
djimenz810,Damon,Jimenz,TX,5,4,4,5,2,5,1,1,5,1,4,2
rgins57,Rodney,Gins,KS,3,2,4,2,3,4,2,5,2,3,2,4
pkwasnik186,Paulene,Kwasnik,CA,2,4,3,2,5,2,2,2,5,4,4,3
starbet941,Shakia,Tarbet,WV,4,2,4,5,4,2,5,4,5,3,4,2
lmena778,Landon,Mena,CO,3,2,2,2,3,5,2,5,1,2,1,4
bbieri743,Britteny,Bieri,NV,2,4,1,5,4,5,4,2,3,4,5,1
aplass465,Alonzo,Plass,TN,4,3,2,5,1,5,1,1,3,3,4,5
mcommodore652,Merrill,Commodore,HI,1,2,4,5,4,5,2,1,4,4,2,1
fmarsaw836,Faustino,Marsaw,CA,5,4,2,3,2,2,4,5,5,1,1,5
rclowes66,Rona,Clowes,IL,2,1,3,1,2,5,4,4,1,2,3,5
dtabak446,Drema,Tabak,TN,2,1,5,4,4,2,2,3,3,3,4,2
acapetillo622,Avis,Capetillo,RI,1,4,4,1,3,4,4,4,4,5,5,4
meberhard615,Myrtis,Eberhard,OR,2,3,1,2,1,2,3,3,5,3,2,2
soregan986,Sid,Oregan,OR,1,5,3,1,1,3,5,3,5,2,5,1
mschnurbus51,Mikel,Schnurbusch,AR,5,5,4,5,1,1,2,2,4,3,4,2
mcorlew711,Moses,Corlew,OK,4,5,3,3,3,4,2,5,3,3,5,2
jlomino721,Jacqui,Lomino,MT,1,1,3,1,4,5,4,3,4,4,1,2
afedderly428,Avery,Fedderly,AK,3,5,1,4,3,1,4,3,1,5,3,3
jfedergree519,Joane,Federgreen,TN,3,5,1,1,2,4,1,3,2,4,2,2
iureta81,Isa,Ureta,CT,1,4,5,1,4,3,5,4,4,3,4,1
mstawicki619,Meghan,Stawicki,PA,1,5,5,4,3,5,2,5,5,3,4,4
dcroteau235,Darron,Croteau,NM,2,2,2,3,1,5,4,1,5,3,3,4
fimaizumi569,Felice,Imaizumi,NH,3,1,3,1,3,5,4,3,1,2,4,5
jfellows470,Jacob,Fellows,MA,5,3,2,4,4,4,2,5,3,4,4,1
vlumbley690,Van,Lumbley,NY,1,5,2,3,3,1,5,5,3,2,2,3
tkommer390,Todd,Kommer,NH,1,1,1,3,5,2,2,1,2,2,1,1
rlebsack241,Randolph,Lebsack,NY,1,1,3,2,1,1,2,4,1,3,5,2
bmatchett155,Beula,Matchett,NM,4,1,1,4,1,3,3,4,4,2,4,4
eatcher967,Elvera,Atcher,AZ,3,4,2,3,4,4,4,1,3,1,5,1
emccahan349,Emil,Mccahan,WV,3,1,4,4,4,1,2,3,4,2,5,5
rstachnik270,Rossie,Stachnik,CA,3,4,4,4,2,4,1,3,4,1,5,4
acleary267,Audrea,Cleary,ND,4,2,2,1,4,5,2,4,4,4,4,2
tbyham601,Toby,Byham,NV,1,3,3,1,5,4,5,4,4,5,5,5
lduk123,Larry,Duk,IN,5,3,1,1,4,5,1,3,2,1,3,3
clangwell540,Conrad,Langwell,KS,2,1,4,1,1,1,4,5,3,2,4,3
jantonelli534,Jerry,Antonellis,MO,5,4,4,3,3,2,4,4,4,1,5,2
cvitorino220,Corie,Vitorino,MT,5,2,5,5,3,5,1,5,1,5,2,1
lgroody581,Lee,Groody,NV,5,2,1,3,2,3,2,3,3,5,2,5
evanhoutte549,Efrain,Vanhoutte,DE,3,1,2,2,2,5,5,3,3,2,1,3
ghiraoka59,Glenn,Hiraoka,PA,3,2,5,5,1,2,1,2,4,4,4,5
kimbach908,Katelyn,Imbach,AL,4,4,4,5,1,5,4,3,3,2,5,3
wdressel81,Wilton,Dressel,MT,1,5,4,4,5,2,2,2,3,2,5,4
dmazzoni727,Dorthea,Mazzoni,NC,2,2,1,5,1,4,3,2,5,4,3,5
amaggs415,Abbie,Maggs,MD,4,3,4,2,3,2,1,5,4,4,4,5
asumbry997,Arthur,Sumbry,WA,3,1,3,5,4,4,2,3,2,1,2,2
amartignag49,Alise,Martignago,MS,1,1,2,5,4,2,5,1,4,4,4,5
tmasenten973,Tomas,Masenten,MA,4,3,5,5,5,2,4,3,4,3,2,3
svenice817,Shanna,Venice,KS,4,1,3,1,2,3,2,1,4,3,4,1
kcristofor882,Kaycee,Cristofori,NV,2,4,1,1,2,4,4,1,4,4,1,2
mmancini585,Marcelino,Mancini,AR,1,3,3,4,5,5,5,2,5,5,2,2
nhoehne625,Newton,Hoehne,OR,2,3,2,1,1,2,2,2,5,1,5,1
efrieman892,Eusebio,Frieman,WY,1,1,5,1,5,1,1,5,1,5,4,4
aworthey802,Aron,Worthey,OK,1,5,5,3,5,1,4,2,4,1,1,4
igrandon45,Ian,Grandon,AK,3,3,1,1,3,1,3,5,2,1,2,4
dpolter588,Delpha,Polter,DE,4,2,1,5,4,2,1,3,4,2,2,5
mmcgowan145,Malcom,Mcgowan,AR,5,5,2,5,5,1,3,1,4,3,2,4
mdednam550,Margarito,Dednam,NE,4,2,1,2,4,2,4,5,5,1,4,1
mwolcott967,Marylyn,Wolcott,SD,3,4,4,4,1,5,5,4,4,2,5,3
ihandzel286,Ian,Handzel,AK,1,2,3,5,2,1,4,3,5,3,5,2
svafiadis18,Scarlett,Vafiadis,WV,1,3,1,1,3,4,1,3,3,5,3,2
wconvenien737,Winnie,Conveniencia,NM,5,3,4,1,3,3,5,2,4,3,3,4
jhamming562,Jess,Hamming,AZ,3,2,3,3,4,2,5,4,3,4,2,4
smoure3,Stephnie,Moure,WY,1,5,2,4,1,2,5,2,4,3,4,4
apickelsim731,Adah,Pickelsimer,GA,1,2,5,1,3,5,2,3,4,3,5,2
mison427,Mac,Ison,MT,1,1,2,2,3,5,5,3,1,1,2,2
mdark682,Murray,Dark,GA,3,3,2,4,4,1,1,4,5,1,1,1
mlichtenbe988,Myron,Lichtenberger,TX,3,5,1,3,1,1,3,4,3,2,2,2
sbenn891,Sari,Benn,WV,3,2,2,2,4,3,2,3,4,2,5,2
msantini838,Marquita,Santini,NH,5,1,2,5,2,1,2,4,1,3,1,3
ncobourn261,Nicky,Cobourn,PA,3,4,4,3,3,4,1,1,2,2,4,5
abettis504,Aurea,Bettis,MT,3,1,5,5,4,2,4,5,1,3,1,2
dstokan143,Damion,Stokan,IL,4,1,4,1,2,3,3,5,3,5,1,5
dbinford17,Denita,Binford,FL,5,3,1,4,2,4,2,4,4,3,1,4
kmarkins334,Kendall,Markins,AL,4,3,2,1,3,3,5,5,4,1,4,5
ckillius701,Carla,Killius,WY,4,1,4,4,1,2,2,1,3,2,4,3
rary967,Rocco,Ary,ND,5,3,4,2,4,5,4,5,2,2,4,5
seiesland758,Sharyn,Eiesland,MD,5,4,4,5,2,5,3,5,4,5,3,2
lkatten194,Lance,Katten,KS,4,1,1,2,1,2,1,1,4,2,1,1
akobus907,Alleen,Kobus,OK,1,2,2,5,2,4,3,4,2,3,5,3
fklimesh684,Fidelia,Klimesh,OH,2,3,5,2,2,3,3,1,3,2,5,4
esweesy687,Edwin,Sweesy,TX,5,4,1,2,1,4,4,5,3,5,4,3
vbolus504,Victor,Bolus,KY,2,1,2,3,5,3,1,5,2,1,2,4
lmccrain699,Ludivina,Mccrain,NY,2,2,1,4,1,2,3,3,4,1,2,4
edreyfus594,Esta,Dreyfus,NE,4,5,3,5,4,4,5,1,1,5,2,2
glaboy209,Gregorio,Laboy,LA,2,5,3,2,3,4,1,2,3,3,3,2
nchern146,Nicolasa,Chern,MO,3,5,2,2,2,5,2,5,5,1,3,5
rwortham129,Rueben,Wortham,AK,1,4,1,3,1,2,2,1,5,1,2,4
emckaskle495,Earlene,Mckaskle,WY,3,4,5,4,4,2,1,3,5,5,1,5
vfacemire597,Virgilio,Facemire,GA,2,4,4,4,1,1,3,2,5,1,5,2
lszermer717,Leif,Szermer,FL,1,3,4,4,5,2,5,2,3,1,1,2
eallmon209,Edmund,Allmon,VT,5,5,3,2,4,5,3,2,3,1,3,5
dsimoniell450,Denna,Simoniello,CT,1,5,3,5,5,4,4,4,2,2,3,1
czarco735,Christel,Zarco,RI,3,3,5,3,1,5,4,2,1,5,2,2
dsiddoway422,Dominick,Siddoway,LA,4,3,4,1,2,5,2,2,2,1,4,5
amccabe984,Ana,Mccabe,WI,1,1,2,4,2,1,2,3,4,4,3,2
rjuelfs579,Robbi,Juelfs,AK,2,4,4,4,5,5,5,5,3,1,3,3
dpho738,Dallas,Pho,SC,5,4,2,5,2,5,1,3,4,2,5,4
jgewinner217,Jerry,Gewinner,AK,4,1,4,4,2,5,1,2,1,2,2,4
jmuzzillo430,Jesus,Muzzillo,UT,5,4,4,5,5,1,5,1,1,2,2,3
gkretschme64,Glenna,Kretschmer,WV,2,2,2,3,2,3,5,3,4,1,2,4
gholmlund784,Geraldo,Holmlund,NJ,2,5,2,4,2,4,4,4,1,2,3,4
vhinz833,Vicky,Hinz,MA,4,2,2,1,5,5,1,4,5,1,4,5
jmusilli771,Jerold,Musilli,TX,1,3,3,2,4,3,2,3,1,3,4,2
aspine987,Antonetta,Spine,MS,1,3,2,4,1,4,4,4,1,5,2,3
ogarfias684,Otto,Garfias,ID,2,1,2,5,1,2,2,2,4,2,3,4
scavaretta134,Sana,Cavaretta,OR,2,3,3,4,2,5,1,4,5,1,4,1
bmoravek843,Benny,Moravek,ND,1,4,5,4,2,4,5,4,3,3,1,5
jblanquet358,Jamar,Blanquet,IA,2,5,1,5,2,4,3,3,5,3,5,1
ethieme897,Erik,Thieme,OH,3,1,3,2,2,4,3,2,3,4,3,2
bfekete442,Brittny,Fekete,OH,2,1,2,2,5,4,5,2,1,1,3,1
hhillwig478,Hilda,Hillwig,SC,1,4,2,2,4,2,2,1,4,1,2,3
dbrowman659,Drew,Browman,NV,2,1,3,1,5,1,1,4,4,5,3,4
dlehneis219,Del,Lehneis,NV,3,2,2,3,3,1,2,3,4,2,1,5
lzotos182,Lindsay,Zotos,SC,3,5,5,1,5,5,4,3,1,4,3,4
mseabrooke592,Misti,Seabrooke,ME,3,5,2,4,1,1,5,2,5,5,5,5
shuffstutt76,Shalanda,Huffstutter,VA,2,3,4,4,3,5,3,5,2,2,3,2
rcalnen14,Ramiro,Calnen,ME,4,2,3,3,5,5,4,1,3,2,2,2
lfickbohm440,Lanny,Fickbohm,AL,1,4,1,5,5,3,2,1,5,4,2,4
wmcgettiga723,Waltraud,Mcgettigan,MI,5,4,3,4,5,1,5,2,5,4,2,2
sdopf167,Shawn,Dopf,FL,4,2,4,3,5,5,2,3,1,1,5,4
avallance353,Albert,Vallance,MA,3,2,2,3,1,5,3,2,5,5,4,5
dsouthward571,Dwight,Southward,ME,3,5,3,3,1,4,2,3,2,4,5,5
mallmand930,Marion,Allmand,PA,3,4,2,5,4,2,3,4,2,2,1,3
dprose75,Darryl,Prose,DE,1,5,1,4,1,2,3,5,3,3,5,1
kclemson320,Kittie,Clemson,SD,1,3,4,2,3,3,3,2,3,1,2,4
abatzri100,Anna,Batzri,IN,3,5,2,1,5,3,5,2,5,3,1,3
mdorrian37,Mose,Dorrian,OK,3,5,3,5,3,2,1,3,1,5,1,4
hdiangelis852,Holli,Diangelis,AZ,3,3,2,5,1,1,3,3,4,4,2,5
cmiano43,Cleveland,Miano,WA,2,5,3,5,1,2,5,1,2,1,4,3
manglada571,Michale,Anglada,TX,5,5,2,3,1,4,3,4,1,2,5,5
eturpin694,Emma,Turpin,ID,2,4,5,2,2,2,4,2,1,4,4,2
htrapani409,Heriberto,Trapani,LA,5,3,5,2,4,5,5,3,3,3,4,3
pyasso449,Pablo,Yasso,OR,3,4,1,4,5,3,1,4,2,1,2,4
caalund875,Cherilyn,Aalund,SD,1,5,1,3,2,5,3,2,1,4,3,4
mschmoll552,Marc,Schmoll,NE,5,2,5,4,1,3,3,5,4,4,2,4
bogletree786,Bradly,Ogletree,AL,2,5,3,2,5,5,1,2,4,5,4,1
tbayon988,Trinity,Bayon,NJ,2,5,5,4,4,1,3,1,4,3,3,5
kbogel412,Kandy,Bogel,MS,3,3,3,5,1,2,5,1,3,3,5,5
rsplett745,Rene,Splett,CA,3,5,3,5,4,4,2,4,5,1,4,3
lbyham400,Laverne,Byham,WI,5,4,3,3,2,5,4,4,1,4,5,1
flinquist911,Federico,Linquist,TX,3,1,4,4,1,1,5,2,5,1,3,4
agaringer51,Antony,Garinger,NE,1,1,5,3,5,2,3,4,2,5,5,1
cweiher425,Cruz,Weiher,VT,3,5,4,1,4,3,4,4,4,1,1,3
nnhek658,Natalia,Nhek,KS,1,5,3,4,4,2,5,5,3,3,5,2
jluckett675,Jolie,Luckett,ID,1,3,1,1,5,4,4,3,5,2,1,4
dseekell346,Dwayne,Seekell,NE,3,1,1,1,1,3,1,1,1,4,3,3
ebrounson682,Eldon,Brounson,IA,5,5,3,5,5,3,2,5,1,4,4,2
dbolz829,Dante,Bolz,NC,3,3,5,5,3,1,3,1,3,2,3,3
fmillier881,Foster,Millier,AR,4,5,5,3,2,2,2,3,2,5,3,3
lbolado124,Linwood,Bolado,VT,2,1,3,4,1,3,1,2,2,2,5,5
dwalcutt500,Duncan,Walcutt,CO,2,2,1,3,4,3,3,4,3,5,1,1
kgeer802,Katelynn,Geer,AZ,2,5,2,1,4,1,5,1,4,2,3,3
jpaxman678,Jim,Paxman,NJ,2,5,4,2,3,2,2,4,4,3,2,1
cboykin531,Catherine,Boykin,OH,1,3,4,5,1,1,3,5,5,2,1,4
vsiprasoeu896,Vaughn,Siprasoeuth,MI,5,2,4,1,4,5,4,4,2,5,2,4
cmaltby188,Charlsie,Maltby,AK,5,2,4,5,2,5,4,5,3,5,1,5
gdangel908,Garfield,Dangel,OH,2,4,3,4,2,5,3,2,3,3,5,3
lgeurin693,Lael,Geurin,VA,3,1,3,2,5,1,2,3,1,2,3,5
mlinan661,Marica,Linan,UT,3,2,1,5,3,3,3,3,5,2,1,2
megner339,Matthew,Egner,IA,5,3,5,4,4,5,2,4,5,2,5,5
sloy980,Shemika,Loy,UT,1,1,1,4,5,4,5,4,5,4,2,2
dwinick744,Danny,Winick,NH,2,1,5,2,1,2,3,3,5,2,1,4
rcatani913,Rodrigo,Catani,ND,2,4,2,3,3,5,3,3,1,3,5,1
llohmiller527,Lera,Lohmiller,MD,1,4,1,4,4,5,2,2,4,1,4,4
rgustaveso203,Reed,Gustaveson,KY,4,1,5,2,4,4,4,4,4,4,4,5
mayleswort783,Malisa,Aylesworth,UT,1,3,1,4,4,3,1,3,4,4,1,2
abarnard431,Annabell,Barnard,MS,1,4,4,1,5,5,1,3,3,5,4,2
fantosh291,Flora,Antosh,IA,3,4,1,3,3,4,5,3,2,1,5,2
eseifert859,Edgar,Seifert,GA,2,5,2,3,2,4,1,4,2,1,1,3
dkylish550,Donnell,Kylish,NV,4,2,5,5,3,3,3,4,3,5,2,1
ctazelaar180,Cheryl,Tazelaar,WA,5,5,2,2,5,4,2,4,2,3,1,2
itoadvine329,Iluminada,Toadvine,NY,3,3,1,2,5,2,1,2,1,3,1,5
smudger997,Sheilah,Mudger,IA,5,3,3,3,1,2,3,2,4,1,5,5
kufford435,Katy,Ufford,WA,3,3,4,2,4,1,5,5,5,2,2,5
cwittels952,Clifton,Wittels,MS,5,5,2,2,3,1,3,1,1,3,2,3
cmortland264,Cornell,Mortland,ID,4,1,3,4,3,1,1,2,5,1,4,4
scagan182,Sondra,Cagan,MD,5,4,3,2,2,1,2,2,3,4,4,2
mdelashmut57,Miguelina,Delashmutt,NC,3,3,5,5,4,5,2,2,2,4,3,1
tichinose67,Terisa,Ichinose,WV,4,2,1,1,2,1,3,1,4,5,1,3
kfenelon481,Kent,Fenelon,ME,3,5,2,3,3,1,4,1,2,2,1,2
gcaponi723,Greg,Caponi,WI,2,4,5,3,5,5,2,3,3,3,2,2
atarlton792,Aileen,Tarlton,RI,4,3,3,3,2,5,2,3,5,5,2,2
eglassco398,Eloise,Glassco,KS,3,1,3,3,3,3,5,1,2,2,5,5
cqueen404,Christene,Queen,AL,5,1,3,1,4,1,5,1,3,2,4,1
gstueve619,Geoffrey,Stueve,NE,4,2,5,5,2,4,1,1,5,2,4,5
wkory614,Willa,Kory,ME,3,5,2,1,3,5,3,5,4,1,3,2
rhollings300,Ria,Hollings,GA,2,5,5,4,4,5,4,3,4,4,1,5
smeridith336,Sulema,Meridith,UT,3,5,5,4,3,4,1,5,2,3,4,4
cbeachler413,Clifton,Beachler,WI,5,2,1,5,3,3,2,5,3,5,5,4
bholzinger178,Buddy,Holzinger,NM,1,5,4,5,4,3,2,4,4,2,4,5
lrebeck499,Lynwood,Rebeck,MD,1,5,1,5,1,2,3,3,1,4,5,5
cavirett649,Cythia,Avirett,VT,2,4,2,5,1,1,4,2,4,1,1,5
dzevallos426,Devon,Zevallos,IA,4,5,3,4,5,4,2,3,5,1,1,3
syoung195,Scot,Young,OK,1,4,1,1,4,2,2,5,2,2,4,4
dboggi976,Danuta,Boggi,PA,3,5,1,5,4,1,5,1,3,2,1,5
spalka879,Stanley,Palka,FL,2,3,1,4,4,4,5,5,4,3,2,2
srufino613,Stevie,Rufino,VT,4,4,3,5,1,4,5,3,5,2,4,5
nmayden950,Naomi,Mayden,SD,3,2,4,5,3,2,4,3,5,1,5,5
gcopper369,Giuseppe,Copper,NY,3,1,2,3,3,3,5,5,4,3,1,5
lqasba757,Lesley,Qasba,AR,4,3,5,2,5,5,5,4,3,4,5,4
konell757,Kit,Onell,PA,3,3,1,2,4,4,2,1,1,3,1,2
kbosko676,Keisha,Bosko,AL,3,2,2,3,4,3,4,1,3,5,4,4
dgouldsber481,Dwight,Gouldsberry,AL,2,3,2,3,2,5,5,2,2,5,4,2
amorrow396,Angle,Morrow,NJ,1,2,4,3,2,4,5,5,3,3,3,1
ahoutchens488,Augustus,Houtchens,MA,5,3,4,4,5,4,3,2,3,4,1,5
sroewe979,Santiago,Roewe,LA,1,3,1,5,5,5,2,1,2,2,4,1
csarnacki986,Cherly,Sarnacki,SD,2,1,1,3,2,4,3,2,4,5,2,4
lcolliver75,Latricia,Colliver,KS,5,1,3,4,4,2,5,2,1,3,2,1
wbraymer44,Winford,Braymer,HI,3,5,4,2,5,2,2,2,5,3,5,3
rwauters665,Richie,Wauters,OK,4,1,5,5,4,5,4,2,5,5,4,5
dshimanuki521,Donetta,Shimanuki,KY,5,3,1,1,4,4,4,2,2,5,2,2
sbisbee733,Scottie,Bisbee,IA,4,5,1,2,1,3,3,3,3,5,5,5
csharma237,Cyndy,Sharma,AZ,1,2,2,2,5,3,5,3,2,1,4,1
mpinc922,Maurice,Pinc,WA,3,2,3,2,2,1,2,5,3,2,2,1
teshlerman111,Tawna,Eshlerman,SD,1,1,4,1,3,4,5,1,5,1,3,2
mhance17,Marylouise,Hance,ID,5,2,1,1,4,3,1,4,4,4,5,4
mbradicich968,Max,Bradicich,AZ,5,3,1,4,2,3,4,5,5,4,1,2
mgainey905,Margarito,Gainey,WY,1,4,3,5,2,1,2,3,2,3,5,4
scardono509,Staci,Cardono,TN,3,1,2,2,4,4,4,3,5,3,5,5
bgiuliano670,Briana,Giuliano,NV,4,5,1,1,2,2,3,2,5,4,5,4
kcarberry348,Kasha,Carberry,OR,5,4,4,2,1,2,1,2,4,2,4,2
tleingang798,Ted,Leingang,AR,1,2,4,3,1,4,2,3,5,5,3,3
tteuscher629,Titus,Teuscher,NC,4,5,1,4,1,3,5,2,1,3,5,4
caleyandre346,Carey,Aleyandrez,MN,1,3,3,5,5,5,1,5,2,2,4,4
cdibert996,Cristen,Dibert,OK,5,3,4,1,4,1,3,3,5,4,5,2
yjehle201,Yong,Jehle,NH,5,3,3,3,2,4,4,3,1,4,4,2
shossfeld435,Stephenie,Hossfeld,NM,3,5,4,2,1,4,5,3,2,4,1,2
lstonier816,Lucien,Stonier,MA,2,3,3,3,2,5,3,3,5,2,1,4
istronach333,Ilana,Stronach,AK,2,4,2,2,2,4,1,4,2,2,2,4
jmcgurr946,Jamika,Mcgurr,HI,2,3,2,5,1,1,3,3,2,1,4,5
kwarmbier54,Kay,Warmbier,LA,1,5,1,1,5,2,3,4,2,1,3,4
rlangston175,Randell,Langston,NY,1,1,2,4,1,1,2,5,4,5,4,2
kjaarda183,Kerry,Jaarda,NM,4,5,2,2,2,5,5,4,1,1,3,3
mcarinio861,Maren,Carinio,WY,1,2,4,2,1,3,2,5,3,3,5,2
glampron937,Ginny,Lampron,IN,4,3,5,2,4,1,2,3,2,4,2,5
jphildor7,Julian,Phildor,NJ,4,5,2,1,2,2,2,3,5,1,2,2
bnipper954,Betsey,Nipper,MT,1,1,1,2,5,2,2,1,1,2,2,1
esaabatman754,Elna,Saabatmand,KS,2,1,5,5,1,1,1,2,4,5,2,2
mgandolfo761,Milan,Gandolfo,NY,1,2,3,5,3,5,1,3,2,2,5,2
jhussein78,Jennine,Hussein,OR,4,1,1,5,4,2,2,5,3,5,3,1
cfreggiaro630,Cortez,Freggiaro,ME,3,3,3,4,5,5,1,3,1,1,3,3
dyetzer878,Donnell,Yetzer,VT,1,1,2,4,4,4,1,3,5,5,4,5
emcmilleon764,Earnest,Mcmilleon,NY,3,5,2,5,2,1,1,5,4,2,1,2
esawczyszy667,Elda,Sawczyszyn,TX,3,3,1,5,1,5,2,5,5,5,3,3
jpurkerson310,Jarrod,Purkerson,AL,5,3,5,5,4,3,4,1,4,5,3,3
nfarmer639,Nada,Farmer,VT,5,2,1,2,1,4,1,1,4,4,2,4
lsusich717,Leroy,Susich,MT,2,1,3,2,4,4,1,5,1,3,4,5
cdesalvato59,Chas,Desalvatore,ND,5,3,4,2,3,3,3,1,5,2,5,4
bshetterly576,Beatriz,Shetterly,NM,2,1,2,1,4,5,1,2,3,3,1,4
shesch120,Shelley,Hesch,OR,5,2,5,3,4,2,5,3,4,5,4,4
dmacpherso551,Doyle,Macpherson,OH,1,3,4,1,3,4,4,3,1,3,3,2
kpabey474,Kristan,Pabey,LA,1,4,2,1,4,4,4,1,5,5,1,4
lallers168,Leslie,Allers,IN,3,2,1,2,1,4,1,1,2,4,5,4
mfugah15,Marge,Fugah,NE,1,1,4,2,3,4,2,2,2,4,1,4
eloewen436,Elias,Loewen,AR,5,5,5,1,5,5,4,1,3,1,5,1
jhapke54,Joellen,Hapke,AL,4,3,2,2,5,1,1,1,3,4,4,5
iwilde74,Irish,Wilde,TX,1,2,5,1,4,5,1,5,3,5,5,1
jlangholz203,Johnathon,Langholz,MA,1,1,2,4,3,1,4,1,1,1,4,5
bconnole704,Billie,Connole,OR,1,2,1,3,4,3,4,2,4,4,2,5
chumble945,Carlos,Humble,NE,4,5,4,5,4,3,5,1,3,5,5,3
grupnick907,Gertha,Rupnick,AZ,1,1,1,5,4,3,5,1,5,1,4,4
bharken563,Byron,Harken,WV,4,4,5,4,5,3,1,5,5,2,2,2
ffontillas860,Frances,Fontillas,MI,5,5,2,3,4,1,2,3,5,1,4,4
bladell665,Billie,Ladell,WI,1,2,1,5,5,5,2,2,3,2,5,5
fporterfie567,Fausto,Porterfield,RI,1,5,4,5,4,5,5,2,2,5,5,4
lcurey614,Leota,Curey,MO,4,5,5,4,5,4,2,2,4,4,2,2
psbano153,Philip,Sbano,RI,3,5,4,4,4,2,2,3,3,5,4,3
farango318,Felton,Arango,WA,5,3,2,1,2,3,1,4,3,4,2,3
msmitley60,Maranda,Smitley,NV,3,4,2,5,5,3,4,2,3,4,3,4
mkleiner549,Myron,Kleiner,ND,1,5,1,5,4,4,3,5,4,1,5,1
lolkowski990,Leanna,Olkowski,WV,4,5,3,4,4,3,2,1,5,3,3,2
tprose536,Trey,Prose,AR,4,4,4,5,4,1,1,4,4,5,2,2
dtylor447,Deangelo,Tylor,WA,1,3,4,1,1,1,2,4,2,4,1,5
astoyanov270,Athena,Stoyanov,KS,3,4,1,2,5,2,5,4,2,3,1,3
agodbey411,Annett,Godbey,RI,2,1,2,5,4,5,1,3,2,3,5,4
bsacane554,Bill,Sacane,CO,2,1,1,5,2,3,2,4,1,4,1,4
xtines454,Xochitl,Tines,CA,1,1,5,3,3,5,5,2,4,1,2,1
jleighton866,Jannet,Leighton,NC,2,4,1,3,3,5,1,5,3,2,3,5
pbumford487,Patricia,Bumford,WI,1,1,5,1,2,3,1,3,4,4,2,4
stheroux180,Sherilyn,Theroux,DE,2,2,2,3,5,2,5,3,2,4,2,4
aallums147,Alease,Allums,ME,2,4,2,5,5,4,3,4,4,4,1,5
dcata296,Despina,Cata,VA,5,5,1,3,1,2,2,2,1,1,3,4
dfanjoy52,Donovan,Fanjoy,NM,1,2,3,1,4,2,5,4,4,1,2,5
kvanderplo9,Keven,Vanderploeg,CT,4,3,1,1,2,5,3,1,4,3,2,1
hlaselle253,Hong,Laselle,NV,2,4,4,2,4,4,1,4,1,4,5,4
rnabarrete237,Roy,Nabarrete,WV,4,4,4,3,1,2,5,4,1,1,1,2
nleach146,Nancey,Leach,OR,4,5,5,5,2,4,3,4,2,2,3,1
ajarman185,Adrianna,Jarman,FL,4,2,1,2,1,3,1,2,1,3,1,3
mgalarita79,Mel,Galarita,CO,4,1,3,5,4,4,2,4,4,1,1,4
boxner289,Brain,Oxner,MS,1,2,1,5,4,2,1,5,2,5,5,1
mmcburney119,Merlyn,Mcburney,OH,5,1,1,1,3,4,3,2,3,1,2,2
gren849,Gil,Ren,AZ,1,3,2,5,1,2,2,1,2,1,5,3
dremick75,Deandre,Remick,MA,5,5,2,1,1,3,3,1,1,4,3,4
aflieller729,Adrianne,Flieller,KY,5,3,1,1,3,3,5,3,5,1,4,3
kkosorog849,Kaylee,Kosorog,LA,5,1,5,4,5,3,1,2,5,1,3,1
vheinlen980,Violet,Heinlen,ID,4,3,4,4,3,1,1,5,5,3,3,2
mpoitras256,Marlys,Poitras,MA,4,3,3,3,4,2,3,3,3,2,3,4
cguerro826,Coy,Guerro,ID,2,4,3,4,1,4,3,3,2,2,1,5
dfuentes647,Darnell,Fuentes,ND,2,2,1,3,1,5,5,4,1,5,1,2
lkilcrease81,Lela,Kilcrease,NV,3,3,5,4,2,3,2,3,3,1,5,2
sneils970,Samual,Neils,AL,2,4,3,3,4,4,5,4,3,2,3,3
psaglibene19,Patience,Saglibene,AK,2,2,1,1,2,5,1,5,3,5,3,5
vleasor672,Vern,Leasor,AZ,5,2,4,4,2,4,5,1,1,3,2,1
lcristaldi82,Loida,Cristaldi,MA,5,5,3,2,5,4,1,1,5,5,1,1
ncastongua801,Noble,Castonguay,AR,3,2,2,5,2,4,3,4,3,2,1,3
lwetherill381,Lane,Wetherill,LA,1,5,4,4,1,2,2,1,2,1,3,4
hcruden233,Hyo,Cruden,TN,3,3,1,4,2,5,1,3,5,5,3,3
mbruzek992,Marline,Bruzek,AR,1,3,4,5,5,4,1,1,5,5,3,5
rborel338,Rich,Borel,AZ,1,3,2,2,5,2,1,4,1,5,5,2
cmilonas621,Carmine,Milonas,IL,2,2,2,1,3,4,3,3,4,1,3,5
dwesterlin574,Desmond,Westerling,TX,2,5,5,1,5,3,3,1,3,2,3,2
caumann701,Carrol,Aumann,GA,5,1,2,4,5,2,2,5,3,4,5,3
cclarbour766,Celia,Clarbour,SD,4,2,3,4,1,1,3,1,4,1,5,2
edepietro35,Erin,Depietro,GA,5,5,2,1,5,4,4,1,3,5,2,5
kemslie817,Kai,Emslie,MT,2,5,3,1,2,4,5,1,4,3,3,3
pmaxwell301,Phebe,Maxwell,RI,3,5,4,2,5,3,1,2,1,3,3,2
eforaker725,Eugenie,Foraker,CO,3,3,5,3,1,2,5,1,5,4,2,5
cgrissett335,Caleb,Grissett,MS,4,2,5,5,4,4,1,3,2,3,1,2
tlorenzana731,Thad,Lorenzana,NV,4,5,1,5,5,4,4,2,4,2,1,2
kweddingto842,Kera,Weddington,CO,4,2,5,3,1,4,1,3,2,5,3,5
sbendit705,Shaunte,Bendit,IA,2,3,1,4,3,2,5,3,5,4,3,2
acotner475,Ashley,Cotner,WV,4,2,3,3,2,1,2,5,1,1,4,2
mlemon790,Mendy,Lemon,WA,3,4,5,2,2,5,3,2,4,1,1,2
mboenig138,Myron,Boenig,AK,1,3,3,4,5,5,5,2,2,5,3,1
jmedak324,Johnson,Medak,CO,3,3,1,2,1,2,4,2,3,4,2,2
ryagues529,Rogelio,Yagues,VT,4,1,4,1,1,3,2,5,3,4,2,3
ipatague525,Irving,Patague,LA,4,3,4,2,3,5,3,2,5,5,2,4
hala437,Humberto,Ala,MO,4,5,3,4,5,3,5,3,4,3,5,2
cruvolo91,Courtney,Ruvolo,WV,3,1,2,2,5,1,3,4,4,2,2,5
mbirkmaier562,Malcom,Birkmaier,IA,2,1,3,3,3,2,5,1,5,5,5,1
sweekey604,Sherwood,Weekey,DE,4,2,1,1,3,2,3,1,5,2,2,2
jackmann603,Joel,Ackmann,ND,3,3,4,2,5,5,2,3,3,4,3,4
jbruening826,Jasper,Bruening,CT,5,4,4,1,4,3,5,1,3,1,2,3
dbaisey984,Dixie,Baisey,DE,5,5,2,4,1,5,3,2,5,1,2,4
kberrio716,Kyle,Berrio,MI,1,1,5,4,3,5,1,3,5,3,3,5
apouncy635,Arlie,Pouncy,OR,2,1,1,1,5,3,3,1,1,4,3,2
vweekes813,Verna,Weekes,AK,5,4,1,4,5,5,4,3,2,1,3,5
tolszowka564,Tomasa,Olszowka,CA,2,5,1,3,4,5,4,4,5,4,2,1
agreenweig14,Alane,Greenweig,OR,1,4,3,2,5,1,1,2,4,5,5,3
krosener845,Kasie,Rosener,WA,3,2,2,4,2,1,4,3,5,4,4,1
lgarry877,Lamar,Garry,NH,2,4,5,5,5,4,2,3,3,4,1,1
tpepper739,Tennie,Pepper,CT,2,2,3,5,1,5,5,5,4,4,4,3
sstilley778,Stephan,Stilley,NC,2,3,1,3,2,5,1,4,4,1,2,2
akreutzer812,Alease,Kreutzer,IN,2,4,2,4,1,2,4,1,2,2,1,4
bbracken328,Burl,Bracken,NM,2,2,2,2,5,1,3,1,2,4,2,5
mmusslewhi5,Merrilee,Musslewhite,KS,4,1,2,1,2,4,4,5,2,4,1,4
tmallak944,Thanh,Mallak,AL,1,2,3,3,3,2,1,3,3,3,2,3
dvleming288,Dennis,Vleming,WY,5,1,2,2,1,4,5,1,3,5,1,4
mscaffidi486,Marylin,Scaffidi,ID,4,5,2,4,1,1,5,1,1,5,4,2
wsalinas600,Willow,Salinas,MI,2,2,4,3,1,4,2,4,1,2,4,2
creddish208,Cristopher,Reddish,CO,2,4,4,1,4,3,1,1,3,4,3,4
madley189,Matthew,Adley,WA,2,4,2,1,1,1,3,2,4,2,2,2
mcaflisch896,Margene,Caflisch,IN,1,2,1,4,3,1,4,4,1,5,4,5
mlacuesta91,Melida,Lacuesta,IN,5,5,3,2,3,1,4,4,4,2,2,5
ajoanette142,Alphonso,Joanette,WY,2,4,4,3,5,3,2,4,2,4,1,3
cflinchum369,Clarissa,Flinchum,OR,1,5,4,4,2,1,5,2,1,3,1,1
kdoshier509,Karri,Doshier,ND,4,5,5,2,1,4,1,4,3,4,5,2
spollica757,Sixta,Pollica,WV,3,3,4,4,2,4,5,4,4,4,1,3
smahomly280,Shawn,Mahomly,IA,3,2,1,3,3,2,4,3,4,5,5,4
gturvavill498,Galen,Turvaville,TN,1,4,2,1,1,1,3,2,1,1,5,5
hbell379,Hortensia,Bell,MN,3,4,3,2,3,5,3,4,5,4,4,3
bkuhar425,Beata,Kuhar,ND,1,5,4,4,4,5,2,3,4,2,1,5
dwent89,Dan,Went,FL,1,3,2,2,5,4,2,3,4,5,3,3
skobryn188,Sheree,Kobryn,VA,4,1,1,2,3,1,5,4,5,1,4,3
mlachiatto243,Man,Lachiatto,PA,3,3,5,3,5,2,4,5,3,3,3,5
mkaleiwahe124,Mitch,Kaleiwahea,AL,2,5,3,2,2,1,1,5,1,5,1,3
dmettee418,Daren,Mettee,MI,1,1,1,3,4,5,1,3,2,5,1,3
aduesterba471,Angele,Duesterback,NC,2,5,1,1,1,1,5,2,5,4,2,1
khee880,Kevin,Hee,NJ,5,5,4,4,2,1,3,3,3,1,5,1
escagliott775,Evita,Scagliotti,MT,3,4,5,1,3,1,4,2,5,3,3,1
bcalderone865,Basil,Calderone,CA,2,4,2,2,3,2,3,4,4,2,2,4
bfalis686,Britta,Falis,CA,3,4,1,3,1,3,1,1,2,4,2,4
phendson214,Pa,Hendson,IL,1,2,3,5,4,2,5,1,3,3,3,3
kirey978,Kareem,Irey,ID,5,5,1,3,4,5,3,5,4,4,4,1
vridener260,Vernon,Ridener,FL,1,4,4,2,5,4,4,1,5,1,4,5
mkleftogia941,Mariano,Kleftogiannis,WA,4,5,2,3,3,2,3,3,1,5,2,2
jmontefort665,Jestine,Monteforte,SC,1,2,1,3,2,1,5,2,4,5,4,1
jfarwick304,Jolanda,Farwick,ID,5,4,4,1,5,1,4,5,2,3,1,5
hstrupp165,Hugo,Strupp,MO,5,4,2,4,3,1,3,4,5,2,1,5
mvanloan43,Myrle,Vanloan,MI,4,3,1,2,4,2,3,4,3,4,5,1
mschlette30,Merrill,Schlette,WA,3,4,4,4,2,3,2,3,3,3,4,1
jmainero750,Jenice,Mainero,PA,4,5,5,3,4,1,4,5,5,1,4,4
mcasbeer351,Marshall,Casbeer,WY,4,4,5,1,2,3,2,5,3,3,3,4
ekardell442,Ellan,Kardell,NY,5,4,1,3,2,1,3,5,1,4,5,3
osimmers623,Oda,Simmers,MT,1,2,4,1,3,2,1,1,2,3,2,2
mdziadek325,Maryrose,Dziadek,VT,3,4,2,5,3,3,4,1,2,4,4,3
whahn126,Willard,Hahn,CT,2,3,5,4,5,4,3,1,5,4,5,1
ksevick223,Kristine,Sevick,MA,2,2,1,2,4,1,2,4,1,2,2,1
table239,Terry,Able,GA,3,1,2,3,4,4,4,5,4,2,5,4
aausdemore251,Ashley,Ausdemore,WA,4,3,5,3,5,1,4,3,2,1,5,3
nengl290,Nathanael,Engl,AZ,5,4,1,4,3,4,2,3,1,2,3,2
fkossey567,Faustino,Kossey,MD,5,3,5,5,2,5,4,2,5,1,3,1
aperrodin428,Albertina,Perrodin,CA,1,4,2,5,2,2,1,4,4,3,2,3
gbookwalte240,Genia,Bookwalter,RI,5,5,5,1,5,1,2,3,5,2,4,4
gshanahan938,Garrett,Shanahan,CT,1,3,3,4,5,1,3,2,4,2,2,4
hhynum436,Hugo,Hynum,NV,4,4,3,1,1,4,5,5,5,5,5,4
twoller912,Tyesha,Woller,ND,1,1,4,3,1,5,3,4,1,1,3,3
vshapskins496,Virgil,Shapskinsky,MA,1,1,5,2,5,5,5,5,2,5,2,4
mstrobridg740,Moises,Strobridge,OR,4,1,2,4,2,3,2,3,3,1,4,3
obritcher752,Orlando,Britcher,LA,3,3,4,1,4,2,5,4,1,4,1,5
lbeyersdor820,Lidia,Beyersdorf,OH,4,1,2,3,1,2,5,1,3,5,3,5
rromanini263,Roxana,Romanini,SD,2,5,1,3,1,3,2,3,4,4,2,4
istarin573,Ilse,Starin,KY,3,5,1,1,4,2,4,2,2,4,1,1
lread564,Lionel,Read,TN,2,2,4,2,1,5,5,3,5,5,2,1
lwienandt894,Leon,Wienandt,NV,3,3,4,1,5,5,4,1,5,1,4,3
sdayer719,Salvatore,Dayer,OK,4,3,1,1,3,2,1,2,1,4,3,5
cvaillenco366,Christena,Vaillencourt,KY,4,1,1,2,2,1,4,2,5,2,3,3
moliveri708,Man,Oliveri,WY,3,5,5,3,3,1,1,4,1,1,2,3
jbertsch152,Jamaal,Bertsch,CO,2,1,1,3,5,1,2,2,1,2,5,1
clockey108,Columbus,Lockey,VT,3,1,4,2,2,1,5,4,5,3,1,1
cfriskney24,Chester,Friskney,PA,5,5,1,2,3,4,3,3,3,3,2,2
erosner135,Erma,Rosner,NC,2,4,2,3,4,5,5,4,1,3,3,3
fcocca511,Felton,Cocca,MN,1,3,1,4,3,1,2,2,2,1,2,1
nzuleger498,Nikia,Zuleger,MO,1,3,5,1,1,2,1,4,3,4,5,5
cmichalows451,Candie,Michalowski,VT,1,5,5,4,5,2,4,2,3,2,5,3
tbraniff978,Toni,Braniff,MS,2,2,2,5,1,3,1,1,5,4,3,3
cstoops649,Clyde,Stoops,ME,5,3,3,2,4,4,1,5,4,1,4,3
lbudinich26,Leslee,Budinich,LA,3,3,1,4,2,1,4,5,2,2,1,2
hreith290,Hassan,Reith,AR,2,2,5,3,3,5,1,3,3,1,4,3
velvert892,Val,Elvert,OR,5,3,5,2,5,2,5,1,2,2,3,5
mbookbinde894,Manda,Bookbinder,NH,3,1,5,1,5,3,2,3,3,4,4,4
tmolima884,Tyrone,Molima,CO,4,1,2,4,5,4,2,4,1,1,4,3
